Workbook

Sheet fecal_neg_0w
A1: FeatureID | B1: Ctrl_n | C1: Vnam_n | D1: U_stat | E1: p-val | F1: q-val_BH | G1: q-val_BKY | H1: Ctrl_mean | I1: Vnam_mean | J1: lfc | K1: Name | L1: ReName | M1: Annotated | N1: Interested
A2: 554.34702-15.063 | B2: 9 | C2: 6 | D2: 28 | E2: 0.95464535 | F2: 0.96454972 | G2: 0.75420585 | H2: 330253.25 | I2: 306677.83 | J2: -0.10684889 | K2: Lysolecithin | L2: LysoPC | M2: o | N2: Glycerophospholipid metabolism
A3: 524.27889-13.665 | B3: 9 | C3: 6 | D3: 10 | E3: 0.04955045 | F3: 0.10171194 | G3: 0.079531142 | H3: 547281.14 | I3: 1888822 | J3: 1.7871328 | K3: lysophosphatidylethanolamine (22:6(4Z,7Z,10Z,13Z,16Z,19Z)/0:0) | L3: LysoPE(22:6(4Z,7Z,10Z,13Z,16Z,19Z)/0:0) | M3: o | N3: Glycerophospholipid metabolism
A4: 204.06668-7.999 | B4: 9 | C4: 6 | D4: 27 | E4: 1 | F4: 1 | G4: 0.78192532 | H4: 2607977.2 | I4: 2694200.9 | J4: 0.046926146 | K4: Indole-3-lactic acid | L4: ILA | M4: o | N4: Interested
A5: 59.01388-1.062 | B5: 9 | C5: 6 | D5: 50 | E5: 0.0079538841 | F5: 0.039401611 | G5: 0.030809117 | H5: 25091727 | I5: 13057110 | J5: -0.94237614 | K5: Acetic acid | L5: Acetate | M5: o | N5: SCFAs
A6: 73.02954-1.169 | B6: 9 | C6: 6 | D6: 33 | E6: 0.52867133 | F6: 0.59201794 | G6: 0.46291382 | H6: 10233183 | I6: 9052587.9 | J6: -0.17685277 | K6: Propionic acid | M6: o
A7: 73.02956-1.68 | B7: 9 | C7: 6 | D7: 23 | E7: 0.68891109 | F7: 0.73873474 | G7: 0.5776354 | H7: 22436768 | I7: 30952900 | J7: 0.4642097 | K7: Propionic acid | L7: Propionate | M7: o | N7: SCFAs
A8: 173.00928-7.727 | B8: 9 | C8: 6 | D8: 38 | E8: 0.22377622 | F8: 0.28851546 | G8: 0.22559754 | H8: 1295059.9 | I8: 872379.82 | J8: -0.56999047 | K8: (Z)-Aconitic Acid | M8: o
A9: 266.0897-1.761 | B9: 9 | C9: 6 | D9: 48 | E9: 0.011988012 | F9: 0.046954873 | G9: 0.036715204 | H9: 3875154.7 | I9: 607502.13 | J9: -2.6732925 | K9: Adenosine | M9: o | N9: Interested
A10: 99.00882-1.554 | B10: 9 | C10: 6 | D10: 27 | E10: 1 | F10: 1 | G10: 0.78192532 | H10: 5355260.7 | I10: 6690969.6 | J10: 0.32125848 | K10: 2-Oxoglutaric acid | M10: o
A11: 74.02478-1.04 | B11: 9 | C11: 6 | D11: 52 | E11: 0.0015984016 | F11: 0.030772822 | G11: 0.024062048 | H11: 4293480.6 | I11: 1404188.8 | J11: -1.6124108 | K11: Glycine | M11: o | N11: Interested
A12: 191.01995-1.447 | B12: 9 | C12: 6 | D12: 8 | E12: 0.025574426 | F12: 0.069139693 | G12: 0.054062077 | H12: 3155549.3 | I12: 12684107 | J12: 2.0070589 | K12: Citric acid | M12: o
A13: 133.01433-1.134 | B13: 9 | C13: 6 | D13: 33.5 | E13: 0.47910737 | F13: 0.54694954 | G13: 0.42767369 | H13: 12548715 | I13: 10138912 | J13: -0.30763679 | K13: L-(-)-Malic acid | L13: Malte | M13: o | N13: TCA cycle
A14: 117.01941-1.181 | B14: 9 | C14: 6 | D14: 19 | E14: 0.38841159 | F14: 0.4554854 | G14: 0.35615557 | H14: 18370955 | I14: 25062783 | J14: 0.44812 | K14: Succinic acid | M14: o
A15: 117.01943-1.682 | B15: 9 | C15: 6 | D15: 20 | E15: 0.45594406 | F15: 0.52099207 | G15: 0.4073769 | H15: 80509199 | I15: 1.249208e+08 | J15: 0.63378821 | K15: Succinic acid | L15: Succinate | M15: o | N15: TCA cycle
A16: 173.00927-1.126 | B16: 9 | C16: 6 | D16: 10 | E16: 0.04955045 | F16: 0.10171194 | G16: 0.079531142 | H16: 652628.35 | I16: 3779921.9 | J16: 2.5340229 | K16: trans-Aconitic acid | L16: Aconitate | M16: o | N16: TCA cycle
A17: 173.00929-1.445 | B17: 9 | C17: 6 | D17: 10 | E17: 0.04955045 | F17: 0.10171194 | G17: 0.079531142 | H17: 359501.08 | I17: 2553922 | J17: 2.8286465 | K17: trans-Aconitic acid | M17: o
A18: 162.05616-5.885 | B18: 9 | C18: 6 | D18: 36 | E18: 0.32767233 | F18: 0.39351904 | G18: 0.3077025 | H18: 30235.314 | I18: 33372.8 | J18: 0.14243818 | K18: 3-hydroxy-3-methyloxindole | L18: HMOI | M18: o | N18: Tryptophan metabolism
A19: 223.07258-6.267 | B19: 9 | C19: 6 | D19: 20 | E19: 0.45594406 | F19: 0.52099207 | G19: 0.4073769 | H19: 1039594.6 | I19: 2226462.5 | J19: 1.0987322 | K19: 3-hydroxy-D-kynurenine | L19: 3-HK | M19: o | N19: Tryptophan metabolism
A20: 145.01435-1.439 | B20: 9 | C20: 6 | D20: 47 | E20: 0.017582418 | F20: 0.057054645 | G20: 0.044612472 | H20: 16844963 | I20: 2566223.1 | J20: -2.7145987 | K20: 2-Oxoglutaric acid | L20: α-KG | M20: o | N20: TCA cycle
A21: 206.04578-6.434 | B21: 9 | C21: 6 | D21: 43 | E21: 0.066333666 | F21: 0.12328769 | G21: 0.096401763 | H21: 3.3896185e+08 | I21: 1.6309709e+08 | J21: -1.0553919 | K21: 4-(2-Aminophenyl)-2,4-dioxobutanoic acid | L21: 4-(2-Aminophenyl)-2,4-dioxobutanoate | M21: o | N21: Tryptophan metabolism
A22: 219.07772-2.061 | B22: 9 | C22: 6 | D22: 10 | E22: 0.04955045 | F22: 0.10171194 | G22: 0.079531142 | H22: 235484.72 | I22: 2530351.3 | J22: 3.4256324 | K22: 5-Hydroxy-DL-tryptophan | L22: 5-HTP | M22: o | N22: Tryptophan metabolism
A23: 191.0199-1.113 | B23: 9 | C23: 6 | D23: 6 | E23: 0.011988012 | F23: 0.046954873 | G23: 0.036715204 | H23: 1672309.5 | I23: 15590857 | J23: 3.2207864 | K23: Citric acid | L23: Citrate | M23: o | N23: TCA cycle
A24: 190.05117-7.239 | B24: 9 | C24: 6 | D24: 47 | E24: 0.017582418 | F24: 0.057054645 | G24: 0.044612472 | H24: 23251808 | I24: 9032406.7 | J24: -1.3641605 | K24: 5-Hydroxyindole-3-acetic acid | L24: 5-HIAA | M24: o | N24: Tryptophan metabolism
A25: 220.06169-7.766 | B25: 9 | C25: 6 | D25: 32 | E25: 0.60699301 | F25: 0.66393492 | G25: 0.51914752 | H25: 1133304.7 | I25: 1090218.5 | J25: -0.055918412 | K25: Indole-3-acetic acid | L25: IAA | M25: o | N25: Tryptophan metabolism
A26: 202.05128-16.408 | B26: 9 | C26: 6 | D26: 20 | E26: 0.45594406 | F26: 0.52099207 | G26: 0.4073769 | H26: 5403362.5 | I26: 6303913.7 | J26: 0.22239032 | K26: INDOLE-3-PYRUVATE | L26: IPA | M26: o | N26: Tryptophan metabolism
A27: 202.05126-17.793 | B27: 9 | C27: 6 | D27: 46 | E27: 0.025574426 | F27: 0.069139693 | G27: 0.054062077 | H27: 5209058.5 | I27: 2600985.6 | J27: -1.0019642 | K27: Indole-3-pyruvic acid | M27: o
A28: 202.05124-16.927 | B28: 9 | C28: 6 | D28: 45 | E28: 0.035964036 | F28: 0.082058517 | G28: 0.064163632 | H28: 4675936.4 | I28: 3006583.3 | J28: -0.63713038 | K28: Indole-3-pyruvic acid | M28: o
A29: 293.11461-6.013 | B29: 9 | C29: 6 | D29: 51 | E29: 0.0027972028 | F29: 0.030772822 | G29: 0.024062048 | H29: 2639970.9 | I29: 188683.32 | J29: -3.8064832 | K29: 6-Hydroxymelatonin | L29: 6-OHM | M29: o | N29: Tryptophan metabolism
A30: 188.03554-5.821 | B30: 9 | C30: 6 | D30: 50 | E30: 0.0047952048 | F30: 0.034120286 | G30: 0.026679515 | H30: 16091364 | I30: 3840133.4 | J30: -2.0670583 | K30: Kynurenic acid | L30: KYNA | M30: o | N30: Tryptophan metabolism
A31: 235.109-5.862 | B31: 9 | C31: 6 | D31: 50 | E31: 0.0047952048 | F31: 0.034120286 | G31: 0.026679515 | H31: 3186318.2 | I31: 292000.76 | J31: -3.4478463 | K31: N1-Acetyl-5-methoxykynuramine | L31: AMK | M31: o | N31: Tryptophan metabolism
A32: 188.03553-5.887 | B32: 9 | C32: 6 | D32: 51 | E32: 0.0027972028 | F32: 0.030772822 | G32: 0.024062048 | H32: 17900480 | I32: 3838390.1 | J32: -2.221425 | K32: 4-(2-Aminophenyl)-2,4-dioxobutanoic acid | M32: o
A33: 492.24311-9.626 | B33: 9 | C33: 6 | D33: 8 | E33: 0.025574426 | F33: 0.069139693 | G33: 0.054062077 | H33: 81455.173 | I33: 5803124.4 | J33: 6.1546797 | K33: (−)-Epothilone A | M33: o
A34: 492.24317-8.208 | B34: 9 | C34: 6 | D34: 14.5 | E34: 0.14412703 | F34: 0.21047475 | G34: 0.16457554 | H34: 1197011 | I34: 9269258 | J34: 2.9530175 | K34: (−)-Epothilone A | M34: o
A35: 385.14415-8.335 | B35: 9 | C35: 6 | D35: 54 | E35: 0.0003996004 | F35: 0.030772822 | G35: 0.024062048 | H35: 6770738 | I35: 700937.02 | J35: -3.2719563 | M35: x
A36: 506.25876-12.541 | B36: 9 | C36: 6 | D36: 9 | E36: 0.035964036 | F36: 0.082058517 | G36: 0.064163632 | H36: 578750.22 | I36: 4669448.5 | J36: 3.0122394 | K36: (−)-Epothilone B | M36: o
A37: 327.08771-8.088 | B37: 9 | C37: 6 | D37: 54 | E37: 0.0003996004 | F37: 0.030772822 | G37: 0.024062048 | H37: 6348547.5 | I37: 107333.39 | J37: -5.8862557 | M37: x
A38: 255.06648-9.02 | B38: 9 | C38: 6 | D38: 45 | E38: 0.035964036 | F38: 0.082058517 | G38: 0.064163632 | H38: 2499579.4 | I38: 1319632.1 | J38: -0.92154952 | K38: (−)-pinocembrin | M38: o
A39: 441.24185-10.175 | B39: 9 | C39: 6 | D39: 54 | E39: 0.0003996004 | F39: 0.030772822 | G39: 0.024062048 | H39: 3862351.9 | I39: 459169.8 | J39: -3.0723799 | M39: x
A40: 255.06643-11.598 | B40: 9 | C40: 6 | D40: 28 | E40: 0.95464535 | F40: 0.96454972 | G40: 0.75420585 | H40: 2814237.2 | I40: 2452228.2 | J40: -0.19865069 | K40: (−)-pinocembrin | M40: o
A41: 677.30349-8.452 | B41: 9 | C41: 6 | D41: 0 | E41: 0.0003996004 | F41: 0.030772822 | G41: 0.024062048 | H41: 49409.088 | I41: 3832386.6 | J41: 6.2773229 | M41: x
A42: 441.24186-10.474 | B42: 9 | C42: 6 | D42: 54 | E42: 0.0003996004 | F42: 0.030772822 | G42: 0.024062048 | H42: 4606952.5 | I42: 778061.56 | J42: -2.5658565 | M42: x
A43: 413.12451-10.082 | B43: 9 | C43: 6 | D43: 31 | E43: 0.68891109 | F43: 0.73873474 | G43: 0.5776354 | H43: 348213.76 | I43: 74795.555 | J43: -2.2189488 | K43: (−)-Podophyllotoxin | M43: o
A44: 188.03554-5.585 | B44: 9 | C44: 6 | D44: 50 | E44: 0.0047952048 | F44: 0.034120286 | G44: 0.026679515 | H44: 5279289.7 | I44: 1187166 | J44: -2.1528221 | K44: Kynurenic acid | M44: o
A45: 331.16263-1.756 | B45: 9 | C45: 6 | D45: 54 | E45: 0.0003996004 | F45: 0.030772822 | G45: 0.024062048 | H45: 1085061.5 | I45: 92224.872 | J45: -3.5564771 | M45: x
A46: 162.01974-16.907 | B46: 9 | C46: 6 | D46: 54 | E46: 0.0003996004 | F46: 0.030772822 | G46: 0.024062048 | H46: 6150269.4 | I46: 4210449.7 | J46: -0.54667529 | M46: x
A47: 225.04064-6.786 | B47: 9 | C47: 6 | D47: 50 | E47: 0.0047952048 | F47: 0.034120286 | G47: 0.026679515 | H47: 2298738.3 | I47: 541094.76 | J47: -2.086889 | K47: (−)-Chorismic acid | M47: o
A48: 441.24182-9.97 | B48: 9 | C48: 6 | D48: 54 | E48: 0.0003996004 | F48: 0.030772822 | G48: 0.024062048 | H48: 1996099.6 | I48: 288973.15 | J48: -2.7881764 | M48: x
A49: 281.61195-8.674 | B49: 9 | C49: 6 | D49: 54 | E49: 0.0003996004 | F49: 0.030772822 | G49: 0.024062048 | H49: 2895692 | I49: 905456.54 | J49: -1.6771909 | M49: x
A50: 310.93121-0.963 | B50: 9 | C50: 6 | D50: 0 | E50: 0.0003996004 | F50: 0.030772822 | G50: 0.024062048 | H50: 229983.48 | I50: 3288546.9 | J50: 3.8378481 | M50: x
A51: 441.27818-14.231 | B51: 9 | C51: 6 | D51: 54 | E51: 0.0003996004 | F51: 0.030772822 | G51: 0.024062048 | H51: 3520843.5 | I51: 438691.94 | J51: -3.004641 | M51: x
A52: 353.2335-9.245 | B52: 9 | C52: 6 | D52: 52 | E52: 0.0015984016 | F52: 0.030772822 | G52: 0.024062048 | H52: 977901.28 | I52: 221196.35 | J52: -2.1443612 | K52: (−)-Prostaglandin E1 | M52: o
A53: 183.03004-1.989 | B53: 9 | C53: 6 | D53: 0 | E53: 0.0003996004 | F53: 0.030772822 | G53: 0.024062048 | H53: 178328.75 | I53: 1952400.6 | J53: 3.4526379 | M53: x
A54: 353.23347-10.722 | B54: 9 | C54: 6 | D54: 50 | E54: 0.0047952048 | F54: 0.034120286 | G54: 0.026679515 | H54: 1008085 | I54: 250435.43 | J54: -2.0091067 | K54: (−)-Prostaglandin E1 | M54: o
A55: 375.13127-6.803 | B55: 9 | C55: 6 | D55: 22 | E55: 0.60699301 | F55: 0.66393492 | G55: 0.51914752 | H55: 387563.66 | I55: 386566.63 | J55: -0.0037161899 | K55: (−)-Riboflavin | M55: o
A56: 327.18153-12.872 | B56: 9 | C56: 6 | D56: 16 | E56: 0.22377622 | F56: 0.28851546 | G56: 0.22559754 | H56: 1462013.9 | I56: 3207019.2 | J56: 1.133276 | K56: (-)-Spiculisporic acid | M56: o
A57: 353.23352-11.002 | B57: 9 | C57: 6 | D57: 51 | E57: 0.0055716863 | F57: 0.037538798 | G57: 0.029352537 | H57: 1505673.4 | I57: 214100.26 | J57: -2.8140504 | K57: (−)-Prostaglandin E1 | M57: o
A58: 425.24683-12.254 | B58: 9 | C58: 6 | D58: 54 | E58: 0.0003996004 | F58: 0.030772822 | G58: 0.024062048 | H58: 1901977.8 | I58: 190880.59 | J58: -3.3167581 | M58: x
A59: 485.26821-11.479 | B59: 9 | C59: 6 | D59: 54 | E59: 0.0003996004 | F59: 0.030772822 | G59: 0.024062048 | H59: 1309918.6 | I59: 189460.51 | J59: -2.7895081 | M59: x
A60: 293.17603-11.873 | B60: 9 | C60: 6 | D60: 0 | E60: 0.00099481514 | F60: 0.030772822 | G60: 0.024062048 | H60: 87427575 | I60: 1.5301661e+08 | J60: 0.80752795 | K60: (+)-[6]-Gingerol | M60: o
A61: 241.9605-1.019 | B61: 9 | C61: 6 | D61: 54 | E61: 0.0003996004 | F61: 0.030772822 | G61: 0.024062048 | H61: 1797525.2 | I61: 250814.72 | J61: -2.8413181 | M61: x
A62: 349.21519-11.88 | B62: 9 | C62: 6 | D62: 54 | E62: 0.0003996004 | F62: 0.030772822 | G62: 0.024062048 | H62: 1633823.1 | I62: 358821.3 | J62: -2.1869143 | M62: x
A63: 413.2679-9.339 | B63: 9 | C63: 6 | D63: 54 | E63: 0.0003996004 | F63: 0.030772822 | G63: 0.024062048 | H63: 1885570.9 | I63: 198714.12 | J63: -3.2462351 | M63: x
A64: 371.12846-8.086 | B64: 9 | C64: 6 | D64: 54 | E64: 0.0003996004 | F64: 0.030772822 | G64: 0.024062048 | H64: 1171977.1 | I64: 145744.01 | J64: -3.0074359 | M64: x
A65: 605.33396-11.945 | B65: 9 | C65: 6 | D65: 0 | E65: 0.0003996004 | F65: 0.030772822 | G65: 0.024062048 | H65: 55543.685 | I65: 933927.89 | J65: 4.0716164 | M65: x
A66: 286.1775-5.879 | B66: 9 | C66: 6 | D66: 54 | E66: 0.0003996004 | F66: 0.030772822 | G66: 0.024062048 | H66: 1236143.4 | I66: 48164.464 | J66: -4.6817332 | M66: x
A67: 425.18219-11.004 | B67: 9 | C67: 6 | D67: 18 | E67: 0.31603931 | F67: 0.39021134 | G67: 0.30511613 | H67: 22581.612 | I67: 109365.28 | J67: 2.2759343 | K67: (+)-abscisic acid β-D-glucopyranosyl ester | M67: o
A68: 459.25249-9.241 | B68: 9 | C68: 6 | D68: 54 | E68: 0.0003996004 | F68: 0.030772822 | G68: 0.024062048 | H68: 1571086.6 | I68: 287500.48 | J68: -2.4501264 | M68: x
A69: 611.38087-11.944 | B69: 9 | C69: 6 | D69: 0 | E69: 0.0003996004 | F69: 0.030772822 | G69: 0.024062048 | H69: 62705.724 | I69: 682986.76 | J69: 3.4451886 | M69: x
A70: 188.09303-6.583 | B70: 9 | C70: 6 | D70: 21 | E70: 0.52867133 | F70: 0.59201794 | G70: 0.46291382 | H70: 262345.38 | I70: 404358.49 | J70: 0.62416753 | K70: (+)-castanospermine | M70: o
A71: 389.21032-8.746 | B71: 9 | C71: 6 | D71: 49 | E71: 0.0075924076 | F71: 0.038638321 | G71: 0.030212282 | H71: 1730491.8 | I71: 704831.4 | J71: -1.295832 | K71: (−)-Prostaglandin E1 | M71: o
A72: 427.26244-12.413 | B72: 9 | C72: 6 | D72: 54 | E72: 0.0003996004 | F72: 0.030772822 | G72: 0.024062048 | H72: 1639433.7 | I72: 252522.99 | J72: -2.6987109 | M72: x
A73: 345.13444-8.738 | B73: 9 | C73: 6 | D73: 24 | E73: 0.77562438 | F73: 0.81310103 | G73: 0.63578428 | H73: 472777.27 | I73: 311459.31 | J73: -0.60211698 | K73: (+)-Gibberellic acid | M73: o
A74: 359.20765-10.436 | B74: 9 | C74: 6 | D74: 54 | E74: 0.0003996004 | F74: 0.030772822 | G74: 0.024062048 | H74: 1445117.2 | I74: 325308.64 | J74: -2.1513055 | M74: x
A75: 408.17007-6.466 | B75: 9 | C75: 6 | D75: 54 | E75: 0.0003996004 | F75: 0.030772822 | G75: 0.024062048 | H75: 1248711.6 | I75: 198990.38 | J75: -2.6496697 | M75: x
A76: 457.23684-9.12 | B76: 9 | C76: 6 | D76: 54 | E76: 0.0003996004 | F76: 0.030772822 | G76: 0.024062048 | H76: 1531439.2 | I76: 240314.31 | J76: -2.6718936 | M76: x
A77: 225.14973-9.986 | B77: 9 | C77: 6 | D77: 48 | E77: 0.011988012 | F77: 0.046954873 | G77: 0.036715204 | H77: 420531.5 | I77: 88908.161 | J77: -2.2418261 | K77: (−)-trans-Methyl dihydrojasmonate | M77: o
A78: 451.12527-6.276 | B78: 9 | C78: 6 | D78: 47 | E78: 0.017582418 | F78: 0.057054645 | G78: 0.044612472 | H78: 547243.19 | I78: 180106.36 | J78: -1.603333 | K78: (+)-Catechin-7-O-glucoside | M78: o
A79: 439.28357-14.43 | B79: 9 | C79: 6 | D79: 54 | E79: 0.0003996004 | F79: 0.030772822 | G79: 0.024062048 | H79: 1457205.5 | I79: 189477.29 | J79: -2.9431075 | M79: x
A80: 118.93079-0.997 | B80: 9 | C80: 6 | D80: 54 | E80: 0.0003996004 | F80: 0.030772822 | G80: 0.024062048 | H80: 1093235 | I80: 145997.83 | J80: -2.9045848 | M80: x
A81: 469.29653-12.079 | B81: 9 | C81: 6 | D81: 54 | E81: 0.0003996004 | F81: 0.030772822 | G81: 0.024062048 | H81: 431108.69 | I81: 49144.676 | J81: -3.1329446 | M81: x
A82: 329.10329-8.462 | B82: 9 | C82: 6 | D82: 51 | E82: 0.0027972028 | F82: 0.030772822 | G82: 0.024062048 | H82: 60032293 | I82: 5920901.4 | J82: -3.34185 | K82: (+)-sesamin dicatechol | M82: o
A83: 269.17603-9.145 | B83: 9 | C83: 6 | D83: 54 | E83: 0.0003996004 | F83: 0.030772822 | G83: 0.024062048 | H83: 1060382.6 | I83: 90402.953 | J83: -3.5520712 | M83: x
A84: 329.10332-9.316 | B84: 9 | C84: 6 | D84: 43 | E84: 0.066333666 | F84: 0.12328769 | G84: 0.096401763 | H84: 15212415 | I84: 5905280.4 | J84: -1.3651718 | K84: (+)-sesamin dicatechol | M84: o
A85: 339.01615-7.652 | B85: 9 | C85: 6 | D85: 54 | E85: 0.0003996004 | F85: 0.030772822 | G85: 0.024062048 | H85: 699288.68 | I85: 31192.178 | J85: -4.4866319 | M85: x
A86: 219.9785-1.037 | B86: 9 | C86: 6 | D86: 54 | E86: 0.0003996004 | F86: 0.030772822 | G86: 0.024062048 | H86: 638019.78 | I86: 48810.74 | J86: -3.7083306 | M86: x
A87: 301.10803-1.589 | B87: 9 | C87: 6 | D87: 54 | E87: 0.0003996004 | F87: 0.030772822 | G87: 0.024062048 | H87: 730245.45 | I87: 38371.137 | J87: -4.2502881 | M87: x
A88: 441.24169-12.019 | B88: 9 | C88: 6 | D88: 54 | E88: 0.0003996004 | F88: 0.030772822 | G88: 0.024062048 | H88: 391380.85 | I88: 40697.081 | J88: -3.2655759 | M88: x
A89: 378.9148-0.966 | B89: 9 | C89: 6 | D89: 54 | E89: 0.0003996004 | F89: 0.030772822 | G89: 0.024062048 | H89: 1074533 | I89: 54213.659 | J89: -4.3089095 | M89: x
A90: 428.24722-12.516 | B90: 9 | C90: 6 | D90: 54 | E90: 0.0003996004 | F90: 0.030772822 | G90: 0.024062048 | H90: 941099.7 | I90: 151674.6 | J90: -2.6333681 | M90: x
A91: 341.10315-9.184 | B91: 9 | C91: 6 | D91: 44 | E91: 0.04955045 | F91: 0.10171194 | G91: 0.079531142 | H91: 2378960.1 | I91: 1121914.6 | J91: -1.0843682 | K91: (+)-sesamin monocatechol | M91: o
A92: 495.2972-11.476 | B92: 9 | C92: 6 | D92: 54 | E92: 0.0003996004 | F92: 0.030772822 | G92: 0.024062048 | H92: 651959.84 | I92: 107203.24 | J92: -2.6044347 | M92: x
A93: 495.29726-11.48 | B93: 9 | C93: 6 | D93: 54 | E93: 0.0003996004 | F93: 0.030772822 | G93: 0.024062048 | H93: 651959.84 | I93: 107489.88 | J93: -2.6005823 | M93: x
A94: 405.26495-11.473 | B94: 9 | C94: 6 | D94: 54 | E94: 0.0003996004 | F94: 0.030772822 | G94: 0.024062048 | H94: 801926.29 | I94: 89319.924 | J94: -3.1664157 | M94: x
A95: 376.22446-7.966 | B95: 9 | C95: 6 | D95: 54 | E95: 0.0003996004 | F95: 0.030772822 | G95: 0.024062048 | H95: 445738.08 | I95: 39280.451 | J95: -3.5043128 | M95: x
A96: 358.86094-0.945 | B96: 9 | C96: 6 | D96: 0 | E96: 0.0003996004 | F96: 0.030772822 | G96: 0.024062048 | H96: 27855.262 | I96: 800842.45 | J96: 4.8454967 | M96: x
A97: 310.92718-0.969 | B97: 9 | C97: 6 | D97: 54 | E97: 0.0003996004 | F97: 0.030772822 | G97: 0.024062048 | H97: 500241.09 | I97: 19731.138 | J97: -4.6640775 | M97: x
A98: 290.87358-0.94 | B98: 9 | C98: 6 | D98: 0 | E98: 0.0003996004 | F98: 0.030772822 | G98: 0.024062048 | H98: 67718.201 | I98: 772716.33 | J98: 3.5123233 | M98: x
A99: 635.33381-13.494 | B99: 9 | C99: 6 | D99: 0 | E99: 0.0003996004 | F99: 0.030772822 | G99: 0.024062048 | H99: 29307.347 | I99: 256489.61 | J99: 3.1295661 | M99: x
A100: 329.1033-8.853 | B100: 9 | C100: 6 | D100: 51 | E100: 0.0027972028 | F100: 0.030772822 | G100: 0.024062048 | H100: 11950871 | I100: 738663.97 | J100: -4.0160538 | K100: (+)-sesamin dicatechol | M100: o
...

Sheet fecal_neg_1w
A1: FeatureID | B1: Ctrl_n | C1: Vnam_n | D1: U_stat | E1: p-val | F1: q-val_BH | G1: q-val_BKY | H1: Ctrl_mean | I1: Vnam_mean | J1: lfc | K1: Name | L1: ReName | M1: Annotated | N1: Interested | O1: 0w_q-val_BKY
A2: 554.34702-15.063 | B2: 11 | C2: 10 | D2: 29 | E2: 0.072549257 | F2: 0.095893041 | G2: 0.031866615 | H2: 309668.37 | I2: 419442.71 | J2: 0.43774975 | K2: Lysolecithin | L2: LysoPC | M2: o | N2: Glycerophospholipid metabolism | O2: =VLOOKUP(A2,fecal_neg_0w!A:G,7,FALSE) -> 0.75420585
A3: 524.27889-13.665 | B3: 11 | C3: 10 | D3: 3 | E3: 0.00028726572 | F3: 0.0049017378 | G3: 0.0016289169 | H3: 598214.84 | I3: 2800992.9 | J3: 2.2272027 | K3: lysophosphatidylethanolamine (22:6(4Z,7Z,10Z,13Z,16Z,19Z)/0:0) | L3: LysoPE(22:6(4Z,7Z,10Z,13Z,16Z,19Z)/0:0) | M3: o | N3: Glycerophospholipid metabolism | O3: =VLOOKUP(A3,fecal_neg_0w!A:G,7,FALSE) -> 0.079531142
A4: 204.06668-7.999 | B4: 11 | C4: 10 | D4: 84 | E4: 0.044066532 | F4: 0.062855194 | G4: 0.020887671 | H4: 3086450.2 | I4: 2072191.5 | J4: -0.57479119 | K4: Indole-3-lactic acid | L4: ILA | M4: o | N4: Interested | O4: =VLOOKUP(A4,fecal_neg_0w!A:G,7,FALSE) -> 0.78192532
A5: 266.0897-1.761 | B5: 11 | C5: 10 | D5: 106 | E5: 0.00037639672 | F5: 0.0049017378 | G5: 0.0016289169 | H5: 9145147.2 | I5: 446405.98 | J5: -4.3565782 | K5: Adenosine | M5: o | N5: Interested | O5: =VLOOKUP(A5,fecal_neg_0w!A:G,7,FALSE) -> 0.036715204
A6: 74.02478-1.04 | B6: 11 | C6: 10 | D6: 106 | E6: 0.00037639672 | F6: 0.0049017378 | G6: 0.0016289169 | H6: 7592849.4 | I6: 1389366 | J6: -2.4502147 | K6: Glycine | M6: o | N6: Interested | O6: =VLOOKUP(A6,fecal_neg_0w!A:G,7,FALSE) -> 0.024062048
A7: 73.02956-1.68 | B7: 11 | C7: 10 | D7: 83 | E7: 0.05273059 | F7: 0.072610328 | G7: 0.02412944 | H7: 38461491 | I7: 21287480 | J7: -0.85340948 | K7: Propionic acid | L7: Propionate | M7: o | N7: SCFAs | O7: =VLOOKUP(A7,fecal_neg_0w!A:G,7,FALSE) -> 0.5776354
A8: 173.00928-7.727 | B8: 11 | C8: 10 | D8: 71 | E8: 0.27506299 | F8: 0.31881709 | G8: 0.10594743 | H8: 1193510.6 | I8: 931045.77 | J8: -0.35828737 | K8: (Z)-Aconitic Acid | M8: o | O8: =VLOOKUP(A8,fecal_neg_0w!A:G,7,FALSE) -> 0.22559754
A9: 148.04389-1.437 | B9: 11 | C9: 10 | D9: 101 | E9: 0.0013552612 | F9: 0.0065169661 | G9: 0.0021656801 | H9: 1601124.9 | I9: 407135.08 | J9: -1.9755064 | K9: L-(−)-methionine | L9: Methionine | M9: o | N9: Interested | O9: =VLOOKUP(A9,fecal_neg_0w!A:G,7,FALSE) -> 0.054062077
A10: 99.00882-1.554 | B10: 11 | C10: 10 | D10: 82 | E10: 0.062031042 | F10: 0.08377368 | G10: 0.02783918 | H10: 8070345.4 | I10: 5639099.8 | J10: -0.51716555 | K10: 2-Oxoglutaric acid | M10: o | O10: =VLOOKUP(A10,fecal_neg_0w!A:G,7,FALSE) -> 0.78192532
A11: 104.03535-1.028 | B11: 11 | C11: 10 | D11: 106 | E11: 0.00037639672 | F11: 0.0049017378 | G11: 0.0016289169 | H11: 15703040 | I11: 2193395.2 | J11: -2.8398063 | K11: L-Serine | M11: o | N11: Interested | O11: =VLOOKUP(A11,fecal_neg_0w!A:G,7,FALSE) -> 0.079531142
A12: 191.01995-1.447 | B12: 11 | C12: 10 | D12: 40 | E12: 0.30722637 | F12: 0.35219034 | G12: 0.11703783 | H12: 6562811.7 | I12: 9823791.2 | J12: 0.58196586 | K12: Citric acid | M12: o | O12: =VLOOKUP(A12,fecal_neg_0w!A:G,7,FALSE) -> 0.054062077
A13: 133.01433-1.134 | B13: 11 | C13: 10 | D13: 59 | E13: 0.80532417 | F13: 0.83022411 | G13: 0.27589522 | H13: 16690076 | I13: 15354864 | J13: -0.12029477 | K13: L-(-)-Malic acid | L13: Malate | M13: o | N13: TCA cycle | O13: =VLOOKUP(A13,fecal_neg_0w!A:G,7,FALSE) -> 0.42767369
A14: 302.13598-1.085 | B14: 11 | C14: 10 | D14: 15 | E14: 0.0054107294 | F14: 0.012558109 | G14: 0.0041732375 | H14: 1035859.2 | I14: 4274765.8 | J14: 2.0450175 | K14: nicotianamine | M14: o | N14: Interested | O14: =VLOOKUP(A14,fecal_neg_0w!A:G,7,FALSE) -> 0.079531142
A15: 117.01943-1.682 | B15: 11 | C15: 10 | D15: 84 | E15: 0.044689913 | F15: 0.062855194 | G15: 0.020887671 | H15: 1.5454625e+08 | I15: 81560117 | J15: -0.92210289 | K15: Succinic acid | L15: Succinate | M15: o | N15: TCA cycle | O15: =VLOOKUP(A15,fecal_neg_0w!A:G,7,FALSE) -> 0.4073769
A16: 59.01388-1.062 | B16: 11 | C16: 10 | D16: 100 | E16: 0.0016675829 | F16: 0.0070060764 | G16: 0.0023282184 | H16: 27357145 | I16: 12511520 | J16: -1.1286606 | K16: Acetic acid | L16: Acetate | M16: o | N16: SCFAs | O16: =VLOOKUP(A16,fecal_neg_0w!A:G,7,FALSE) -> 0.030809117
A17: 145.01435-1.439 | B17: 11 | C17: 10 | D17: 103 | E17: 0.00082327304 | F17: 0.005616741 | G17: 0.0018665225 | H17: 11467943 | I17: 2150873.9 | J17: -2.4146118 | K17: 2-Oxoglutaric acid | L17: α-KG | M17: o | N17: TCA cycle | O17: =VLOOKUP(A17,fecal_neg_0w!A:G,7,FALSE) -> 0.044612472
A18: 162.05616-5.885 | B18: 11 | C18: 10 | D18: 67 | E18: 0.41805191 | F18: 0.46632216 | G18: 0.15496545 | H18: 30795.006 | I18: 29449.811 | J18: -0.064438038 | K18: 3-hydroxy-3-methyloxindole | L18: HMOI | M18: o | N18: Tryptophan metabolism | O18: =VLOOKUP(A18,fecal_neg_0w!A:G,7,FALSE) -> 0.3077025
A19: 191.0199-1.113 | B19: 11 | C19: 10 | D19: 15 | E19: 0.0054107294 | F19: 0.012558109 | G19: 0.0041732375 | H19: 2809045.9 | I19: 12963869 | J19: 2.2063442 | K19: Citric acid | L19: Citrate | M19: o | N19: TCA cycle | O19: =VLOOKUP(A19,fecal_neg_0w!A:G,7,FALSE) -> 0.036715204
A20: 173.00927-1.126 | B20: 11 | C20: 10 | D20: 6 | E20: 0.00063719487 | F20: 0.0053114036 | G20: 0.0017650546 | H20: 974694.21 | I20: 4360562.9 | J20: 2.1614928 | K20: trans-Aconitic acid | L20: Aconitate | M20: o | N20: TCA cycle | O20: =VLOOKUP(A20,fecal_neg_0w!A:G,7,FALSE) -> 0.079531142
A21: 206.04578-6.434 | B21: 11 | C21: 10 | D21: 77 | E21: 0.1300298 | F21: 0.16213989 | G21: 0.053881381 | H21: 5.0060448e+08 | I21: 3.2058251e+08 | J21: -0.64297547 | K21: 4-(2-Aminophenyl)-2,4-dioxobutanoic acid | L21: 4-(2-Aminophenyl)-2,4-dioxobutanoate | M21: o | N21: Tryptophan metabolism | O21: =VLOOKUP(A21,fecal_neg_0w!A:G,7,FALSE) -> 0.096401763
A22: 223.07258-6.267 | B22: 11 | C22: 10 | D22: 88 | E22: 0.022103705 | F22: 0.034053694 | G22: 0.011316525 | H22: 979077.99 | I22: 398762.03 | J22: -1.2958957 | K22: 3-hydroxy-D-kynurenine | L22: 3-HK | M22: o | N22: Tryptophan metabolism | O22: =VLOOKUP(A22,fecal_neg_0w!A:G,7,FALSE) -> 0.4073769
A23: 219.07772-2.061 | B23: 11 | C23: 10 | D23: 19 | E23: 0.012425127 | F23: 0.021750952 | G23: 0.0072281492 | H23: 390500.49 | I23: 3435681.7 | J23: 3.1372001 | K23: 5-Hydroxy-DL-tryptophan | L23: 5-HTP | M23: o | N23: Tryptophan metabolism | O23: =VLOOKUP(A23,fecal_neg_0w!A:G,7,FALSE) -> 0.079531142
A24: 190.05117-7.239 | B24: 11 | C24: 10 | D24: 98 | E24: 0.0027646719 | F24: 0.008709733 | G24: 0.0028943676 | H24: 40820960 | I24: 12615712 | J24: -1.6940885 | K24: 5-Hydroxyindole-3-acetic acid | L24: 5-HIAA | M24: o | N24: Tryptophan metabolism | O24: =VLOOKUP(A24,fecal_neg_0w!A:G,7,FALSE) -> 0.044612472
A25: 220.06169-7.766 | B25: 11 | C25: 10 | D25: 62 | E25: 0.64715634 | F25: 0.68598252 | G25: 0.2279617 | H25: 1160616.8 | I25: 1050547.1 | J25: -0.14375088 | K25: Indole-3-acetic acid | L25: IAA | M25: o | N25: Tryptophan metabolism | O25: =VLOOKUP(A25,fecal_neg_0w!A:G,7,FALSE) -> 0.51914752
A26: 202.05128-16.408 | B26: 11 | C26: 10 | D26: 59 | E26: 0.80532417 | F26: 0.83022411 | G26: 0.27589522 | H26: 5848637.3 | I26: 5816277.4 | J26: -0.0080044485 | K26: INDOLE-3-PYRUVATE | L26: IPA | M26: o | N26: Tryptophan metabolism | O26: =VLOOKUP(A26,fecal_neg_0w!A:G,7,FALSE) -> 0.4073769
A27: 202.05124-16.927 | B27: 11 | C27: 10 | D27: 95 | E27: 0.0053506989 | F27: 0.012558109 | G27: 0.0041732375 | H27: 4781223.1 | I27: 2479253.6 | J27: -0.94747384 | K27: Indole-3-pyruvic acid | M27: o | O27: =VLOOKUP(A27,fecal_neg_0w!A:G,7,FALSE) -> 0.064163632
A28: 202.05126-17.793 | B28: 11 | C28: 10 | D28: 88 | E28: 0.022103705 | F28: 0.034053694 | G28: 0.011316525 | H28: 5134932.4 | I28: 3143133.2 | J28: -0.70814186 | K28: Indole-3-pyruvic acid | M28: o | O28: =VLOOKUP(A28,fecal_neg_0w!A:G,7,FALSE) -> 0.054062077
A29: 293.11461-6.013 | B29: 11 | C29: 10 | D29: 101 | E29: 0.0013552612 | F29: 0.0065169661 | G29: 0.0021656801 | H29: 1543547.9 | I29: 207993.66 | J29: -2.8916388 | K29: 6-Hydroxymelatonin | L29: 6-OHM | M29: o | N29: Tryptophan metabolism | O29: =VLOOKUP(A29,fecal_neg_0w!A:G,7,FALSE) -> 0.024062048
A30: 188.03554-5.821 | B30: 11 | C30: 10 | D30: 110 | E30: 0.00012415446 | F30: 0.0049017378 | G30: 0.0016289169 | H30: 19229459 | I30: 1233753.5 | J30: -3.9621921 | K30: Kynurenic acid | L30: KYNA | M30: o | N30: Tryptophan metabolism | O30: =VLOOKUP(A30,fecal_neg_0w!A:G,7,FALSE) -> 0.026679515
A31: 235.109-5.862 | B31: 11 | C31: 10 | D31: 99 | E31: 0.0021899994 | F31: 0.0078126999 | G31: 0.0025962708 | H31: 1208889.8 | I31: 257764.84 | J31: -2.2295553 | K31: N1-Acetyl-5-methoxykynuramine | L31: AMK | M31: o | N31: Tryptophan metabolism | O31: =VLOOKUP(A31,fecal_neg_0w!A:G,7,FALSE) -> 0.026679515
A32: 276.82461-0.888 | B32: 11 | C32: 10 | D32: 0 | E32: 3.3941334e-05 | F32: 0.0049017378 | G32: 0.0016289169 | H32: 40812.735 | I32: 1270684.5 | J32: 4.9604427 | M32: x | O32: =VLOOKUP(A32,fecal_neg_0w!A:G,7,FALSE) -> 0.024062048
A33: 73.02954-1.169 | B33: 11 | C33: 10 | D33: 99 | E33: 0.0021899994 | F33: 0.0078126999 | G33: 0.0025962708 | H33: 17964622 | I33: 8726273 | J33: -1.041721 | K33: Propionic acid | M33: o | O33: =VLOOKUP(A33,fecal_neg_0w!A:G,7,FALSE) -> 0.46291382
A34: 294.8854-0.91 | B34: 11 | C34: 10 | D34: 0 | E34: 4.8754519e-05 | F34: 0.0049017378 | G34: 0.0016289169 | H34: 34116.267 | I34: 3806854.7 | J34: 6.8019959 | M34: x | O34: =VLOOKUP(A34,fecal_neg_0w!A:G,7,FALSE) -> 0.024062048
A35: 293.88335-0.922 | B35: 11 | C35: 10 | D35: 0 | E35: 4.8754519e-05 | F35: 0.0049017378 | G35: 0.0016289169 | H35: 29062.646 | I35: 1981949.8 | J35: 6.0916106 | M35: x | O35: =VLOOKUP(A35,fecal_neg_0w!A:G,7,FALSE) -> 0.024062048
A36: 609.36509-11.806 | B36: 11 | C36: 10 | D36: 1 | E36: 8.7339716e-05 | F36: 0.0049017378 | G36: 0.0016289169 | H36: 39744.138 | I36: 1496263.5 | J36: 5.2344784 | M36: x | O36: =VLOOKUP(A36,fecal_neg_0w!A:G,7,FALSE) -> 0.096401763
A37: 281.11206-5.123 | B37: 11 | C37: 10 | D37: 110 | E37: 9.2481722e-05 | F37: 0.0049017378 | G37: 0.0016289169 | H37: 454786.13 | I37: 55394.138 | J37: -3.037383 | M37: x | O37: =VLOOKUP(A37,fecal_neg_0w!A:G,7,FALSE) -> 0.13919232
A38: 625.36007-11.866 | B38: 11 | C38: 10 | D38: 1 | E38: 0.00010684099 | F38: 0.0049017378 | G38: 0.0016289169 | H38: 46800.903 | I38: 2387645.6 | J38: 5.6729085 | M38: x | O38: =VLOOKUP(A38,fecal_neg_0w!A:G,7,FALSE) -> 0.030212282
A39: 430.86038-0.938 | B39: 11 | C39: 10 | D39: 0 | E39: 0.00011203034 | F39: 0.0049017378 | G39: 0.0016289169 | H39: 15731.473 | I39: 487877.76 | J39: 4.954794 | M39: x | O39: =VLOOKUP(A39,fecal_neg_0w!A:G,7,FALSE) -> 0.048728208
A40: 429.85915-0.939 | B40: 11 | C40: 10 | D40: 0 | E40: 0.00011203034 | F40: 0.0049017378 | G40: 0.0016289169 | H40: 13541.183 | I40: 468143.56 | J40: 5.1115254 | M40: x | O40: =VLOOKUP(A40,fecal_neg_0w!A:G,7,FALSE) -> 0.048728208
A41: 257.91914-0.965 | B41: 11 | C41: 10 | D41: 0 | E41: 0.00011203034 | F41: 0.0049017378 | G41: 0.0016289169 | H41: 19591.468 | I41: 111913.62 | J41: 2.5140883 | M41: x | O41: =VLOOKUP(A41,fecal_neg_0w!A:G,7,FALSE) -> 0.024062048
A42: 378.91859-0.965 | B42: 11 | C42: 10 | D42: 0 | E42: 0.00011797529 | F42: 0.0049017378 | G42: 0.0016289169 | H42: 28540.08 | I42: 3705251.5 | J42: 7.0204383 | M42: x | O42: =VLOOKUP(A42,fecal_neg_0w!A:G,7,FALSE) -> 0.024062048
A43: 436.87724-0.958 | B43: 11 | C43: 10 | D43: 0 | E43: 0.00011797529 | F43: 0.0049017378 | G43: 0.0016289169 | H43: 50820.669 | I43: 1119374.7 | J43: 4.4611339 | M43: x | O43: =VLOOKUP(A43,fecal_neg_0w!A:G,7,FALSE) -> 0.024062048
A44: 394.16956-11.917 | B44: 11 | C44: 10 | D44: 0 | E44: 0.00011797529 | F44: 0.0049017378 | G44: 0.0016289169 | H44: 41078.202 | I44: 250054.54 | J44: 2.6057978 | M44: x | O44: =VLOOKUP(A44,fecal_neg_0w!A:G,7,FALSE) -> 0.024062048
A45: 418.20626-11.904 | B45: 11 | C45: 10 | D45: 0 | E45: 0.00011797529 | F45: 0.0049017378 | G45: 0.0016289169 | H45: 32795.201 | I45: 246222.09 | J45: 2.9084036 | M45: x | O45: =VLOOKUP(A45,fecal_neg_0w!A:G,7,FALSE) -> 0.024062048
... A53: 337.98741-1.008 | B53: 11 | C53: 10 | D53: 110 | E53: 0.00012165433 | F53: 0.0049017378 | G53: 0.0016289169 | H53: 132813.53 | I53: 20455.863 | J53: -2.6988158 | M53: x | O53: =VLOOKUP(A53,fecal_neg_0w!A:G,7,FALSE) -> 0.16457554
A54: 117.01941-1.181 | B54: 11 | C54: 10 | D54: 96 | E54: 0.0043455475 | F54: 0.010984365 | G54: 0.0036502599 | H54: 44364042 | I54: 19580430 | J54: -1.1799784 | K54: Succinic acid | M54: o | O54: =VLOOKUP(A54,fecal_neg_0w!A:G,7,FALSE) -> 0.35615557
A55: 492.24317-8.208 | B55: 11 | C55: 10 | D55: 36 | E55: 0.16799324 | F55: 0.20626652 | G55: 0.068545285 | H55: 405760.97 | I55: 3662087.2 | J55: 3.1739642 | K55: (−)-Epothilone A | M55: o | O55: =VLOOKUP(A55,fecal_neg_0w!A:G,7,FALSE) -> 0.16457554
A56: 481.25778-15.096 | B56: 11 | C56: 10 | D56: 110 | E56: 0.00012352584 | F56: 0.0049017378 | G56: 0.0016289169 | H56: 600483.84 | I56: 44643.524 | J56: -3.7496026 | M56: x | O56: =VLOOKUP(A56,fecal_neg_0w!A:G,7,FALSE) -> 0.030809117
A57: 424.91168-0.947 | B57: 11 | C57: 10 | D57: 0 | E57: 0.00012352584 | F57: 0.0049017378 | G57: 0.0016289169 | H57: 72896.249 | I57: 799648.1 | J57: 3.4554488 | M57: x | O57: =VLOOKUP(A57,fecal_neg_0w!A:G,7,FALSE) -> 0.024062048
A58: 348.89588-0.979 | B58: 11 | C58: 10 | D58: 110 | E58: 0.00012352584 | F58: 0.0049017378 | G58: 0.0016289169 | H58: 196643.16 | I58: 27237.649 | J58: -2.8519059 | M58: x | O58: =VLOOKUP(A58,fecal_neg_0w!A:G,7,FALSE) -> 0.024062048
A59: 323.9717-0.993 | B59: 11 | C59: 10 | D59: 110 | E59: 0.00012352584 | F59: 0.0049017378 | G59: 0.0016289169 | H59: 117886.13 | I59: 23297.127 | J59: -2.3391701 | M59: x | O59: =VLOOKUP(A59,fecal_neg_0w!A:G,7,FALSE) -> 0.22559754
A60: 522.77228-0.982 | B60: 11 | C60: 10 | D60: 110 | E60: 0.00012352584 | F60: 0.0049017378 | G60: 0.0016289169 | H60: 52666.988 | I60: 16017.115 | J60: -1.7172847 | M60: x | O60: =VLOOKUP(A60,fecal_neg_0w!A:G,7,FALSE) -> 0.093567643
A61: 173.00929-1.445 | B61: 11 | C61: 10 | D61: 15 | E61: 0.0054107294 | F61: 0.012558109 | G61: 0.0041732375 | H61: 513418.2 | I61: 2995276.1 | J61: 2.5444826 | K61: trans-Aconitic acid | M61: o | O61: =VLOOKUP(A61,fecal_neg_0w!A:G,7,FALSE) -> 0.079531142
A62: 188.03553-5.887 | B62: 11 | C62: 10 | D62: 98 | E62: 0.0027646719 | F62: 0.008709733 | G62: 0.0028943676 | H62: 19229459 | I62: 4074623 | J62: -2.2385797 | K62: 4-(2-Aminophenyl)-2,4-dioxobutanoic acid | M62: o | O62: =VLOOKUP(A62,fecal_neg_0w!A:G,7,FALSE) -> 0.024062048
A63: 255.06643-11.598 | B63: 11 | C63: 10 | D63: 54 | E63: 0.97191313 | F63: 0.97544198 | G63: 0.32415318 | H63: 3123204.8 | I63: 6306958.5 | J63: 1.0139173 | K63: (−)-pinocembrin | M63: o | O63: =VLOOKUP(A63,fecal_neg_0w!A:G,7,FALSE) -> 0.75420585
A64: 413.12451-10.082 | B64: 11 | C64: 10 | D64: 72 | E64: 0.24527812 | F64: 0.28756166 | G64: 0.095560811 | H64: 237109.06 | I64: 146656.41 | J64: -0.69311065 | K64: (−)-Podophyllotoxin | M64: o | O64: =VLOOKUP(A64,fecal_neg_0w!A:G,7,FALSE) -> 0.5776354
A65: 188.03554-5.585 | B65: 11 | C65: 10 | D65: 99 | E65: 0.0021899994 | F65: 0.0078126999 | G65: 0.0025962708 | H65: 5698798.7 | I65: 1215277.5 | J65: -2.2293721 | K65: Kynurenic acid | M65: o | O65: =VLOOKUP(A65,fecal_neg_0w!A:G,7,FALSE) -> 0.026679515
A66: 225.04064-6.786 | B66: 11 | C66: 10 | D66: 103 | E66: 0.00082327304 | F66: 0.005616741 | G66: 0.0018665225 | H66: 2312491.9 | I66: 521722.76 | J66: -2.148093 | K66: (−)-Chorismic acid | M66: o | O66: =VLOOKUP(A66,fecal_neg_0w!A:G,7,FALSE) -> 0.026679515
A67: 492.24311-9.626 | B67: 11 | C67: 10 | D67: 15 | E67: 0.005395687 | F67: 0.012558109 | G67: 0.0041732375 | H67: 55805.573 | I67: 2676704 | J67: 5.5839046 | K67: (−)-Epothilone A | M67: o | O67: =VLOOKUP(A67,fecal_neg_0w!A:G,7,FALSE) -> 0.054062077
A68: 389.21032-8.746 | B68: 11 | C68: 10 | D68: 90 | E68: 0.015123134 | F68: 0.025231725 | G68: 0.0083848593 | H68: 1850184.4 | I68: 960308.82 | J68: -0.94609874 | K68: (−)-Prostaglandin E1 | M68: o | O68: =VLOOKUP(A68,fecal_neg_0w!A:G,7,FALSE) -> 0.030212282
A69: 375.13127-6.803 | B69: 11 | C69: 10 | D69: 59 | E69: 0.80532417 | F69: 0.83022411 | G69: 0.27589522 | H69: 477782.09 | I69: 491088.65 | J69: 0.039630713 | K69: (−)-Riboflavin | M69: o | O69: =VLOOKUP(A69,fecal_neg_0w!A:G,7,FALSE) -> 0.51914752
A70: 327.18153-12.872 | B70: 11 | C70: 10 | D70: 31 | E70: 0.097960984 | F70: 0.12568164 | G70: 0.041765788 | H70: 1499058 | I70: 2801483.7 | J70: 0.90213495 | K70: (-)-Spiculisporic acid | M70: o | O70: =VLOOKUP(A70,fecal_neg_0w!A:G,7,FALSE) -> 0.22559754
A71: 506.25876-12.541 | B71: 11 | C71: 10 | D71: 24 | E71: 0.031733994 | F71: 0.046427965 | G71: 0.01542867 | H71: 435610.03 | I71: 3782049.7 | J71: 3.1180592 | K71: (−)-Epothilone B | M71: o | O71: =VLOOKUP(A71,fecal_neg_0w!A:G,7,FALSE) -> 0.064163632
A72: 278.90784-0.916 | B72: 11 | C72: 10 | D72: 0 | E72: 0.00012415446 | F72: 0.0049017378 | G72: 0.0016289169 | H72: 763466 | I72: 7333621.1 | J72: 3.2638899 | M72: x | O72: =VLOOKUP(A72,fecal_neg_0w!A:G,7,FALSE) -> 0.024062048
A73: 257.96065-1.866 | B73: 11 | C73: 10 | D73: 110 | E73: 0.00012415446 | F73: 0.0049017378 | G73: 0.0016289169 | H73: 9809857.5 | I73: 2731657.8 | J73: -1.8444554 | M73: x | O73: =VLOOKUP(A73,fecal_neg_0w!A:G,7,FALSE) -> 0.096401763
A74: 242.94362-0.96 | B74: 11 | C74: 10 | D74: 0 | E74: 0.00012415446 | F74: 0.0049017378 | G74: 0.0016289169 | H74: 1163949.9 | I74: 8348743.3 | J74: 2.84253 | M74: x | O74: =VLOOKUP(A74,fecal_neg_0w!A:G,7,FALSE) -> 0.024062048
A75: 146.96125-0.942 | B75: 11 | C75: 10 | D75: 0 | E75: 0.00012415446 | F75: 0.0049017378 | G75: 0.0016289169 | H75: 713235.21 | I75: 6535605.5 | J75: 3.1958711 | M75: x | O75: =VLOOKUP(A75,fecal_neg_0w!A:G,7,FALSE) -> 0.024062048
A76: 288.93662-0.934 | B76: 11 | C76: 10 | D76: 0 | E76: 0.00012415446 | F76: 0.0049017378 | G76: 0.0016289169 | H76: 593446 | I76: 5372415.5 | J76: 3.1783822 | M76: x | O76: =VLOOKUP(A76,fecal_neg_0w!A:G,7,FALSE) -> 0.026679515
A77: 268.87909-0.901 | B77: 11 | C77: 10 | D77: 0 | E77: 0.00012415446 | F77: 0.0049017378 | G77: 0.0016289169 | H77: 699928.43 | I77: 4987421.2 | J77: 2.8330147 | M77: x | O77: =VLOOKUP(A77,fecal_neg_0w!A:G,7,FALSE) -> 0.024062048
A78: 466.29447-14.483 | B78: 11 | C78: 10 | D78: 110 | E78: 0.00012415446 | F78: 0.0049017378 | G78: 0.0016289169 | H78: 718725.27 | I78: 169017.88 | J78: -2.0882646 | M78: x | O78: =VLOOKUP(A78,fecal_neg_0w!A:G,7,FALSE) -> 0.096401763
A79: 310.93121-0.963 | B79: 11 | C79: 10 | D79: 0 | E79: 0.00012415446 | F79: 0.0049017378 | G79: 0.0016289169 | H79: 284475.34 | I79: 3565037.1 | J79: 3.6475416 | M79: x | O79: =VLOOKUP(A79,fecal_neg_0w!A:G,7,FALSE) -> 0.024062048
A80: 632.30033-12.422 | B80: 11 | C80: 10 | D80: 110 | E80: 0.00012415446 | F80: 0.0049017378 | G80: 0.0016289169 | H80: 3176955.8 | I80: 534065.79 | J80: -2.5725556 | M80: x | O80: =VLOOKUP(A80,fecal_neg_0w!A:G,7,FALSE) -> 0.024062048
A81: 232.91481-0.95 | B81: 11 | C81: 10 | D81: 0 | E81: 0.00012415446 | F81: 0.0049017378 | G81: 0.0016289169 | H81: 474592.66 | I81: 3254766.6 | J81: 2.7777924 | M81: x | O81: =VLOOKUP(A81,fecal_neg_0w!A:G,7,FALSE) -> 0.024062048
A82: 605.33396-11.945 | B82: 11 | C82: 10 | D82: 0 | E82: 0.00012415446 | F82: 0.0049017378 | G82: 0.0016289169 | H82: 55785.427 | I82: 1055921.3 | J82: 4.2424702 | M82: x | O82: =VLOOKUP(A82,fecal_neg_0w!A:G,7,FALSE) -> 0.024062048
A83: 408.86593-0.904 | B83: 11 | C83: 10 | D83: 0 | E83: 0.00012415446 | F83: 0.0049017378 | G83: 0.0016289169 | H83: 22944.104 | I83: 1145755.3 | J83: 5.6420316 | M83: x | O83: =VLOOKUP(A83,fecal_neg_0w!A:G,7,FALSE) -> 0.024062048
... A160: 430.22726-12.318 | B160: 11 | C160: 10 | D160: 2 | E160: 0.000143483 | F160: 0.0049017378 | G160: 0.0016289169 | H160: 32615.676 | I160: 241722.45 | J160: 2.889714 | M160: x | O160: =VLOOKUP(A160,fecal_neg_0w!A:G,7,FALSE) -> 0.079531142
A161: 293.17603-11.873 | B161: 11 | C161: 10 | D161: 9 | E161: 0.00084794959 | F161: 0.0057648023 | G161: 0.0019157254 | H161: 87059221 | I161: 1.3588642e+08 | J161: 0.64233223 | K161: (+)-[6]-Gingerol | M161: o | O161: =VLOOKUP(A161,fecal_neg_0w!A:G,7,FALSE) -> 0.024062048
A162: 498.84806-0.937 | B162: 11 | C162: 10 | D162: 1 | E162: 0.00014940234 | F162: 0.0049017378 | G162: 0.0016289169 | H162: 14586.415 | I162: 356323.37 | J162: 4.6104899 | M162: x | O162: =VLOOKUP(A162,fecal_neg_0w!A:G,7,FALSE) -> 0.048728208
A163: 367.90657-1.012 | B163: 11 | C163: 10 | D163: 109 | E163: 0.00014940234 | F163: 0.0049017378 | G163: 0.0016289169 | H163: 122879.49 | I163: 21730.058 | J163: -2.4994802 | M163: x | O163: =VLOOKUP(A163,fecal_neg_0w!A:G,7,FALSE) -> 0.024062048
A164: 612.8282-0.939 | B164: 11 | C164: 10 | D164: 1 | E164: 0.00014940234 | F164: 0.0049017378 | G164: 0.0016289169 | H164: 12825.278 | I164: 89471.824 | J164: 2.8024433 | M164: x | O164: =VLOOKUP(A164,fecal_neg_0w!A:G,7,FALSE) -> 0.11530783
A165: 241.9605-1.019 | B165: 11 | C165: 10 | D165: 109 | E165: 0.00015705016 | F165: 0.0049017378 | G165: 0.0016289169 | H165: 1678725.2 | I165: 157959.06 | J165: -3.4097435 | M165: x | O165: =VLOOKUP(A165,fecal_neg_0w!A:G,7,FALSE) -> 0.024062048
A166: 375.01892-1.025 | B166: 11 | C166: 10 | D166: 109 | E166: 0.00015705016 | F166: 0.0049017378 | G166: 0.0016289169 | H166: 201287.79 | I166: 27603.572 | J166: -2.8663328 | M166: x | O166: =VLOOKUP(A166,fecal_neg_0w!A:G,7,FALSE) -> 0.030212282
A167: 345.02925-1.028 | B167: 11 | C167: 10 | D167: 109 | E167: 0.00015705016 | F167: 0.0049017378 | G167: 0.0016289169 | H167: 211139.33 | I167: 21769.621 | J167: -3.2778072 | M167: x | O167: =VLOOKUP(A167,fecal_neg_0w!A:G,7,FALSE) -> 0.079531142
A168: 416.81974-0.94 | B168: 11 | C168: 10 | D168: 1 | E168: 0.00015705016 | F168: 0.0049017378 | G168: 0.0016289169 | H168: 13439.658 | I168: 106478.18 | J168: 2.9859895 | M168: x | O168: =VLOOKUP(A168,fecal_neg_0w!A:G,7,FALSE) -> 0.024062048
A169: 432.97781-1.024 | B169: 11 | C169: 10 | D169: 109 | E169: 0.00015705016 | F169: 0.0049017378 | G169: 0.0016289169 | H169: 78680.104 | I169: 17796.299 | J169: -2.1444216 | M169: x | O169: =VLOOKUP(A169,fecal_neg_0w!A:G,7,FALSE) -> 0.044612472
A170: 577.30243-11.824 | B170: 11 | C170: 10 | D170: 3 | E170: 0.00015895396 | F170: 0.0049017378 | G170: 0.0016289169 | H170: 29680.05 | I170: 264512.48 | J170: 3.1557704 | M170: x | O170: =VLOOKUP(A170,fecal_neg_0w!A:G,7,FALSE) -> 0.026679515
A171: 319.97675-1.007 | B171: 11 | C171: 10 | D171: 109 | E171: 0.00016177636 | F171: 0.0049017378 | G171: 0.0016289169 | H171: 356140.8 | I171: 49217.67 | J171: -2.8551995 | M171: x | O171: =VLOOKUP(A171,fecal_neg_0w!A:G,7,FALSE) -> 0.030212282
A172: 319.97663-1.009 | B172: 11 | C172: 10 | D172: 109 | E172: 0.00016177636 | F172: 0.0049017378 | G172: 0.0016289169 | H172: 355865.8 | I172: 49578.05 | J172: -2.8435599 | M172: x | O172: =VLOOKUP(A172,fecal_neg_0w!A:G,7,FALSE) -> 0.030212282
A173: 511.22156-14.846 | B173: 11 | C173: 10 | D173: 109 | E173: 0.00016177636 | F173: 0.0049017378 | G173: 0.0016289169 | H173: 600494.3 | I173: 67379.152 | J173: -3.1557764 | M173: x | O173: =VLOOKUP(A173,fecal_neg_0w!A:G,7,FALSE) -> 0.029352537
... A182: 459.94682-0.983 | B182: 11 | C182: 10 | D182: 109 | E182: 0.00016417868 | F182: 0.0049017378 | G182: 0.0016289169 | H182: 62427.529 | I182: 18162.634 | J182: -1.781209 | M182: x | O182: =VLOOKUP(A182,fecal_neg_0w!A:G,7,FALSE) -> 0.13910453
A183: 255.06648-9.02 | B183: 11 | C183: 10 | D183: 107 | E183: 0.00028726572 | F183: 0.0049017378 | G183: 0.0016289169 | H183: 2502977.3 | I183: 212404.06 | J183: -3.558762 | K183: (−)-pinocembrin | M183: o | O183: =VLOOKUP(A183,fecal_neg_0w!A:G,7,FALSE) -> 0.064163632
A184: 188.09303-6.583 | B184: 11 | C184: 10 | D184: 56 | E184: 0.97191313 | F184: 0.97544198 | G184: 0.32415318 | H184: 412841.79 | I184: 435008.99 | J184: 0.075456227 | K184: (+)-castanospermine | M184: o | O184: =VLOOKUP(A184,fecal_neg_0w!A:G,7,FALSE) -> 0.46291382
A185: 451.12527-6.276 | B185: 11 | C185: 10 | D185: 86 | E185: 0.031733994 | F185: 0.046427965 | G185: 0.01542867 | H185: 513477.89 | I185: 267183.84 | J185: -0.94246941 | K185: (+)-Catechin-7-O-glucoside | M185: o | O185: =VLOOKUP(A185,fecal_neg_0w!A:G,7,FALSE) -> 0.044612472
A186: 345.13444-8.738 | B186: 11 | C186: 10 | D186: 74 | E186: 0.1926667 | F186: 0.23148639 | G186: 0.076926204 | H186: 1152563.3 | I186: 398574.11 | J186: -1.5319261 | K186: (+)-Gibberellic acid | M186: o | O186: =VLOOKUP(A186,fecal_neg_0w!A:G,7,FALSE) -> 0.63578428
A187: 353.23352-11.002 | B187: 11 | C187: 10 | D187: 96 | E187: 0.0043329 | F187: 0.010984365 | G187: 0.0036502599 | H187: 1171549.1 | I187: 369899.97 | J187: -1.6632103 | K187: (−)-Prostaglandin E1 | M187: o | O187: =VLOOKUP(A187,fecal_neg_0w!A:G,7,FALSE) -> 0.029352537
A188: 353.23347-10.722 | B188: 11 | C188: 10 | D188: 96 | E188: 0.0043455475 | F188: 0.010984365 | G188: 0.0036502599 | H188: 985538.19 | I188: 420872.15 | J188: -1.2275297 | K188: (−)-Prostaglandin E1 | M188: o | O188: =VLOOKUP(A188,fecal_neg_0w!A:G,7,FALSE) -> 0.026679515
A189: 353.2335-9.245 | B189: 11 | C189: 10 | D189: 94 | E189: 0.0067062756 | F189: 0.014266652 | G189: 0.0047410105 | H189: 867227.67 | I189: 273737.64 | J189: -1.6636169 | K189: (−)-Prostaglandin E1 | M189: o | O189: =VLOOKUP(A189,fecal_neg_0w!A:G,7,FALSE) -> 0.024062048
A190: 292.94296-3.17 | B190: 11 | C190: 10 | D190: 109 | E190: 0.0001649853 | F190: 0.0049017378 | G190: 0.0016289169 | H190: 13583838 | I190: 2396975 | J190: -2.5026044 | M190: x | O190: =VLOOKUP(A190,fecal_neg_0w!A:G,7,FALSE) -> 0.064163632
A191: 381.07646-7.663 | B191: 11 | C191: 10 | D191: 1 | E191: 0.0001649853 | F191: 0.0049017378 | G191: 0.0016289169 | H191: 570848.17 | I191: 4484968.5 | J191: 2.9739189 | M191: x | O191: =VLOOKUP(A191,fecal_neg_0w!A:G,7,FALSE) -> 0.19294199
...

Sheet fecal_neg_2w
A1: FeatureID | B1: Ctrl_n | C1: Vnam_n | D1: U_stat | E1: p-val | F1: q-val_BH | G1: q-val_BKY | H1: Ctrl_mean | I1: Vnam_mean | J1: lfc | K1: Name | L1: ReName | M1: Annotated | N1: Interested | O1: 0w_q-val_BKY
A2: 554.34702-15.063 | B2: 11 | C2: 10 | D2: 51 | E2: 0.80532417 | F2: 0.82496388 | G2: 0.22279512 | H2: 301116.13 | I2: 367642.4 | J2: 0.28798316 | K2: Lysolecithin | L2: LysoPC | M2: o | N2: Glycerophospholipid metabolism | O2: =VLOOKUP(A2,fecal_neg_0w!A:G,7,FALSE) -> 0.75420585
A3: 524.27889-13.665 | B3: 11 | C3: 10 | D3: 2 | E3: 0.00021821505 | F3: 0.0019641647 | G3: 0.00053045512 | H3: 621424.04 | I3: 2707711.5 | J3: 2.1234241 | K3: lysophosphatidylethanolamine (22:6(4Z,7Z,10Z,13Z,16Z,19Z)/0:0) | L3: LysoPE(22:6(4Z,7Z,10Z,13Z,16Z,19Z)/0:0) | M3: o | N3: Glycerophospholipid metabolism | O3: =VLOOKUP(A3,fecal_neg_0w!A:G,7,FALSE) -> 0.079531142
A4: 204.06668-7.999 | B4: 11 | C4: 10 | D4: 83 | E4: 0.050126888 | F4: 0.065428378 | G4: 0.017670014 | H4: 2552634 | I4: 1758843.8 | J4: -0.53735927 | K4: Indole-3-lactic acid | L4: ILA | M4: o | N4: Interested | O4: =VLOOKUP(A4,fecal_neg_0w!A:G,7,FALSE) -> 0.78192532
A5: 59.01388-1.062 | B5: 11 | C5: 10 | D5: 89 | E5: 0.018324308 | F5: 0.026005464 | G5: 0.0070232052 | H5: 25101901 | I5: 16261151 | J5: -0.62636724 | K5: Acetic acid | L5: Acetate | M5: o | N5: SCFAs | O5: =VLOOKUP(A5,fecal_neg_0w!A:G,7,FALSE) -> 0.030809117
A6: 73.02954-1.169 | B6: 11 | C6: 10 | D6: 94 | E6: 0.0067062756 | F6: 0.010801894 | G6: 0.0029172299 | H6: 16016567 | I6: 10095583 | J6: -0.66584066 | K6: Propionic acid | M6: o | O6: =VLOOKUP(A6,fecal_neg_0w!A:G,7,FALSE) -> 0.46291382
A7: 73.02956-1.68 | B7: 11 | C7: 10 | D7: 69 | E7: 0.34178646 | F7: 0.37688434 | G7: 0.10178384 | H7: 40880832 | I7: 31438229 | J7: -0.37890459 | K7: Propionic acid | L7: Propionate | M7: o | N7: SCFAs | O7: =VLOOKUP(A7,fecal_neg_0w!A:G,7,FALSE) -> 0.5776354
A8: 173.00928-7.727 | B8: 11 | C8: 10 | D8: 71 | E8: 0.27506299 | F8: 0.30855017 | G8: 0.083329071 | H8: 1239481.9 | I8: 813265.16 | J8: -0.60793952 | K8: (Z)-Aconitic Acid | M8: o | O8: =VLOOKUP(A8,fecal_neg_0w!A:G,7,FALSE) -> 0.22559754
A9: 266.0897-1.761 | B9: 11 | C9: 10 | D9: 106 | E9: 0.00037639672 | F9: 0.002033634 | G9: 0.00054921644 | H9: 5921701.1 | I9: 340657.34 | J9: -4.1196185 | K9: Adenosine | M9: o | N9: Interested | O9: =VLOOKUP(A9,fecal_neg_0w!A:G,7,FALSE) -> 0.036715204
A10: 99.00882-1.554 | B10: 11 | C10: 10 | D10: 47 | E10: 0.59740627 | F10: 0.62881394 | G10: 0.16982159 | H10: 7441819 | I10: 8109974.9 | J10: 0.12404214 | K10: 2-Oxoglutaric acid | M10: o | O10: =VLOOKUP(A10,fecal_neg_0w!A:G,7,FALSE) -> 0.78192532
A11: 74.02478-1.04 | B11: 11 | C11: 10 | D11: 103 | E11: 0.00082327304 | F11: 0.0025917071 | G11: 0.00069993331 | H11: 5794704.2 | I11: 1390729.3 | J11: -2.0588934 | K11: Glycine | M11: o | N11: Interested | O11: =VLOOKUP(A11,fecal_neg_0w!A:G,7,FALSE) -> 0.024062048
A12: 148.04389-1.437 | B12: 11 | C12: 10 | D12: 102 | E12: 0.0010587485 | F12: 0.0028475882 | G12: 0.00076903824 | H12: 1596740.3 | I12: 351123.06 | J12: -2.1850811 | K12: L-(−)-methionine | L12: Methionine | M12: o | N12: Interested | O12: =VLOOKUP(A12,fecal_neg_0w!A:G,7,FALSE) -> 0.054062077
A13: 133.01433-1.134 | B13: 11 | C13: 10 | D13: 71 | E13: 0.27506299 | F13: 0.30855017 | G13: 0.083329071 | H13: 20121328 | I13: 14874848 | J13: -0.43585054 | K13: L-(-)-Malic acid | L13: Malic acid | M13: o | N13: TCA cycle | O13: =VLOOKUP(A13,fecal_neg_0w!A:G,7,FALSE) -> 0.42767369
A14: 117.01941-1.181 | B14: 11 | C14: 10 | D14: 83 | E14: 0.052807511 | F14: 0.067974698 | G14: 0.01835769 | H14: 43990746 | I14: 27008876 | J14: -0.70376644 | K14: Succinic acid | M14: o | O14: =VLOOKUP(A14,fecal_neg_0w!A:G,7,FALSE) -> 0.35615557
A15: 117.01943-1.682 | B15: 11 | C15: 10 | D15: 70 | E15: 0.30706927 | F15: 0.34181028 | G15: 0.092311512 | H15: 1.6664831e+08 | I15: 1.1966547e+08 | J15: -0.47779975 | K15: Succinic acid | L15: Succinate | M15: o | N15: TCA cycle | O15: =VLOOKUP(A15,fecal_neg_0w!A:G,7,FALSE) -> 0.4073769
A16: 104.03535-1.028 | B16: 11 | C16: 10 | D16: 103 | E16: 0.00082327304 | F16: 0.0025917071 | G16: 0.00069993331 | H16: 11987566 | I16: 2098445.6 | J16: -2.5141458 | K16: L-Serine | M16: o | N16: Interested | O16: =VLOOKUP(A16,fecal_neg_0w!A:G,7,FALSE) -> 0.079531142
A17: 302.13598-1.085 | B17: 11 | C17: 10 | D17: 6 | E17: 0.00063719487 | F17: 0.0023719039 | G17: 0.00064057184 | H17: 940006.97 | I17: 4572580.2 | J17: 2.2822651 | K17: nicotianamine | M17: o | N17: Interested | O17: =VLOOKUP(A17,fecal_neg_0w!A:G,7,FALSE) -> 0.079531142
A18: 162.05616-5.885 | B18: 11 | C18: 10 | D18: 49 | E18: 0.69853536 | F18: 0.72572132 | G18: 0.19599303 | H18: 30975.152 | I18: 28921.55 | J18: -0.098966509 | K18: 3-hydroxy-3-methyloxindole | L18: HMOI | M18: o | N18: Tryptophan metabolism | O18: =VLOOKUP(A18,fecal_neg_0w!A:G,7,FALSE) -> 0.3077025
A19: 223.07258-6.267 | B19: 11 | C19: 10 | D19: 73 | E19: 0.21783223 | F19: 0.24891377 | G19: 0.067223276 | H19: 885292.62 | I19: 1800036.5 | J19: 1.0237998 | K19: 3-hydroxy-D-kynurenine | L19: 3-HK | M19: o | N19: Tryptophan metabolism | O19: =VLOOKUP(A19,fecal_neg_0w!A:G,7,FALSE) -> 0.4073769
A20: 145.01435-1.439 | B20: 11 | C20: 10 | D20: 104 | E20: 0.00063719487 | F20: 0.0023719039 | G20: 0.00064057184 | H20: 8984519.5 | I20: 1319664.6 | J20: -2.7672701 | K20: 2-Oxoglutaric acid | L20: α-KG | M20: o | N20: TCA cycle | O20: =VLOOKUP(A20,fecal_neg_0w!A:G,7,FALSE) -> 0.044612472
A21: 191.0199-1.113 | B21: 11 | C21: 10 | D21: 8 | E21: 0.0010587485 | F21: 0.0028475882 | G21: 0.00076903824 | H21: 2055456.2 | I21: 16847499 | J21: 3.0350039 | K21: Citric acid | L21: Citrate | M21: o | N21: TCA cycle | O21: =VLOOKUP(A21,fecal_neg_0w!A:G,7,FALSE) -> 0.036715204
A22: 173.00927-1.126 | B22: 11 | C22: 10 | D22: 0 | E22: 0.00012415446 | F22: 0.0019641647 | G22: 0.00053045512 | H22: 672543.13 | I22: 6075640.3 | J22: 3.1753378 | K22: trans-Aconitic acid | L22: Aconitic acid | M22: o | N22: TCA cycle | O22: =VLOOKUP(A22,fecal_neg_0w!A:G,7,FALSE) -> 0.079531142
A23: 206.04578-6.434 | B23: 11 | C23: 10 | D23: 101 | E23: 0.0013552612 | F23: 0.0032063041 | G23: 0.00086591539 | H23: 5.475327e+08 | I23: 1.651758e+08 | J23: -1.7289428 | K23: 4-(2-Aminophenyl)-2,4-dioxobutanoic acid | L23: 4-(2-Aminophenyl)-2,4-dioxobutanoate | M23: o | N23: Tryptophan metabolism | O23: =VLOOKUP(A23,fecal_neg_0w!A:G,7,FALSE) -> 0.096401763
A24: 219.07772-2.061 | B24: 11 | C24: 10 | D24: 8 | E24: 0.0010587485 | F24: 0.0028475882 | G24: 0.00076903824 | H24: 227372.05 | I24: 3823202.8 | J24: 4.0716549 | K24: 5-Hydroxy-DL-tryptophan | L24: 5-HTP | M24: o | N24: Tryptophan metabolism | O24: =VLOOKUP(A24,fecal_neg_0w!A:G,7,FALSE) -> 0.079531142
A25: 220.06169-7.766 | B25: 11 | C25: 10 | D25: 52 | E25: 0.86025883 | F25: 0.87527403 | G25: 0.23638221 | H25: 1002222.3 | I25: 1435895.3 | J25: 0.518748 | K25: Indole-3-acetic acid | L25: IAA | M25: o | N25: Tryptophan metabolism | O25: =VLOOKUP(A25,fecal_neg_0w!A:G,7,FALSE) -> 0.51914752
A26: 202.05128-16.408 | B26: 11 | C26: 10 | D26: 28 | E26: 0.062031042 | F26: 0.078712276 | G26: 0.02125755 | H26: 5020772.5 | I26: 7439915.3 | J26: 0.56737685 | K26: INDOLE-3-PYRUVATE | L26: IPA | M26: o | N26: Tryptophan metabolism | O26: =VLOOKUP(A26,fecal_neg_0w!A:G,7,FALSE) -> 0.4073769
A27: 202.05124-16.927 | B27: 11 | C27: 10 | D27: 94.5 | E27: 0.0060108417 | F27: 0.0099511018 | G27: 0.0026874594 | H27: 4502751.6 | I27: 3037280.5 | J27: -0.56802674 | K27: Indole-3-pyruvic acid | M27: o | O27: =VLOOKUP(A27,fecal_neg_0w!A:G,7,FALSE) -> 0.064163632
A28: 202.05126-17.793 | B28: 11 | C28: 10 | D28: 88 | E28: 0.022103705 | F28: 0.030847988 | G28: 0.0083310088 | H28: 5606882.5 | I28: 2978892.8 | J28: -0.91242264 | K28: Indole-3-pyruvic acid | M28: o | O28: =VLOOKUP(A28,fecal_neg_0w!A:G,7,FALSE) -> 0.054062077
A29: 190.05117-7.239 | B29: 11 | C29: 10 | D29: 99 | E29: 0.0021899994 | F29: 0.0041573117 | G29: 0.0011227507 | H29: 34755649 | I29: 8340728.4 | J29: -2.0590022 | K29: 5-Hydroxyindole-3-acetic acid | L29: 5-HIAA | M29: o | N29: Tryptophan metabolism | O29: =VLOOKUP(A29,fecal_neg_0w!A:G,7,FALSE) -> 0.044612472
A30: 293.11461-6.013 | B30: 11 | C30: 10 | D30: 108 | E30: 0.00021821505 | F30: 0.0019641647 | G30: 0.00053045512 | H30: 1651883.6 | I30: 86420.298 | J30: -4.256598 | K30: 6-Hydroxymelatonin | L30: 6-OHM | M30: o | N30: Tryptophan metabolism | O30: =VLOOKUP(A30,fecal_neg_0w!A:G,7,FALSE) -> 0.024062048
A31: 188.03554-5.821 | B31: 11 | C31: 10 | D31: 106 | E31: 0.00037639672 | F31: 0.002033634 | G31: 0.00054921644 | H31: 15979945 | I31: 1550061.5 | J31: -3.3658651 | K31: Kynurenic acid | L31: KYNA | M31: o | N31: Tryptophan metabolism | O31: =VLOOKUP(A31,fecal_neg_0w!A:G,7,FALSE) -> 0.026679515
A32: 108.90201-1.062 | B32: 11 | C32: 10 | D32: 110 | E32: 6.4246394e-05 | F32: 0.0019641647 | G32: 0.00053045512 | H32: 1985315.3 | I32: 138452.66 | J32: -3.8419035 | M32: x | O32: =VLOOKUP(A32,fecal_neg_0w!A:G,7,FALSE) -> 0.051471173
A33: 527.21647-14.226 | B33: 11 | C33: 10 | D33: 110 | E33: 6.4246394e-05 | F33: 0.0019641647 | G33: 0.00053045512 | H33: 474595.86 | I33: 50895.864 | J33: -3.2210792 | M33: x | O33: =VLOOKUP(A33,fecal_neg_0w!A:G,7,FALSE) -> 0.044612472
A34: 577.30243-11.824 | B34: 11 | C34: 10 | D34: 0 | E34: 6.4246394e-05 | F34: 0.0019641647 | G34: 0.00053045512 | H34: 29464.535 | I34: 389457.6 | J34: 3.7244149 | M34: x | O34: =VLOOKUP(A34,fecal_neg_0w!A:G,7,FALSE) -> 0.026679515
A35: 540.82893-0.942 | B35: 11 | C35: 10 | D35: 0 | E35: 6.4246394e-05 | F35: 0.0019641647 | G35: 0.00053045512 | H35: 14696.017 | I35: 141346.12 | J35: 3.2657353 | M35: x | O35: =VLOOKUP(A35,fecal_neg_0w!A:G,7,FALSE) -> 0.036715204
A36: 236.10553-11.87 | B36: 11 | C36: 10 | D36: 1 | E36: 6.6915326e-05 | F36: 0.0019641647 | G36: 0.00053045512 | H36: 5206652 | I36: 9499324.9 | J36: 0.867469 | M36: x | O36: =VLOOKUP(A36,fecal_neg_0w!A:G,7,FALSE) -> 0.024062048
A37: 164.92739-0.934 | B37: 11 | C37: 10 | D37: 2 | E37: 9.1356091e-05 | F37: 0.0019641647 | G37: 0.00053045512 | H37: 3606222.8 | I37: 17889321 | J37: 2.3105382 | M37: x | O37: =VLOOKUP(A37,fecal_neg_0w!A:G,7,FALSE) -> 0.024062048
A38: 136.93249-0.913 | B38: 11 | C38: 10 | D38: 2 | E38: 9.1356091e-05 | F38: 0.0019641647 | G38: 0.00053045512 | H38: 631643.87 | I38: 3252196.6 | J38: 2.3642312 | M38: x | O38: =VLOOKUP(A38,fecal_neg_0w!A:G,7,FALSE) -> 0.031237098
A39: 623.34455-13.948 | B39: 11 | C39: 10 | D39: 0 | E39: 0.00010353987 | F39: 0.0019641647 | G39: 0.00053045512 | H39: 26938.322 | I39: 232541.24 | J39: 3.1097547 | M39: x | O39: =VLOOKUP(A39,fecal_neg_0w!A:G,7,FALSE) -> 0.036715204
A40: 554.86977-0.954 | B40: 11 | C40: 10 | D40: 0 | E40: 0.00010353987 | F40: 0.0019641647 | G40: 0.00053045512 | H40: 16807.652 | I40: 254183.68 | J40: 3.9186813 | M40: x | O40: =VLOOKUP(A40,fecal_neg_0w!A:G,7,FALSE) -> 0.030212282
A41: 550.85772-0.947 | B41: 11 | C41: 10 | D41: 0 | E41: 0.00010353987 | F41: 0.0019641647 | G41: 0.00053045512 | H41: 34244.56 | I41: 306092.77 | J41: 3.1600222 | M41: x | O41: =VLOOKUP(A41,fecal_neg_0w!A:G,7,FALSE) -> 0.051824195
A42: 612.8282-0.939 | B42: 11 | C42: 10 | D42: 0 | E42: 0.00010353987 | F42: 0.0019641647 | G42: 0.00053045512 | H42: 13733.119 | I42: 89593.372 | J42: 2.7057327 | M42: x | O42: =VLOOKUP(A42,fecal_neg_0w!A:G,7,FALSE) -> 0.11530783
A43: 235.109-5.862 | B43: 11 | C43: 10 | D43: 105 | E43: 0.00049087864 | F43: 0.0021862469 | G43: 0.0005904321 | H43: 1813071.5 | I43: 106059.62 | J43: -4.0954884 | K43: N1-Acetyl-5-methoxykynuramine | L43: AMK | M43: o | N43: Tryptophan metabolism | O43: =VLOOKUP(A43,fecal_neg_0w!A:G,7,FALSE) -> 0.026679515
A44: 537.32881-15.312 | B44: 11 | C44: 10 | D44: 109 | E44: 0.00010684099 | F44: 0.0019641647 | G44: 0.00053045512 | H44: 553088.21 | I44: 31002.199 | J44: -4.1570671 | M44: x | O44: =VLOOKUP(A44,fecal_neg_0w!A:G,7,FALSE) -> 0.030212282
A45: 511.26833-13.995 | B45: 11 | C45: 10 | D45: 109 | E45: 0.00010684099 | F45: 0.0019641647 | G45: 0.00053045512 | H45: 373180.41 | I45: 49605.794 | J45: -2.9112927 | M45: x | O45: =VLOOKUP(A45,fecal_neg_0w!A:G,7,FALSE) -> 0.030212282
A46: 393.09614-5.437 | B46: 11 | C46: 10 | D46: 1 | E46: 0.00010684099 | F46: 0.0019641647 | G46: 0.00053045512 | H46: 36873.647 | I46: 432114.04 | J46: 3.5507501 | M46: x | O46: =VLOOKUP(A46,fecal_neg_0w!A:G,7,FALSE) -> 0.11530783
A47: 442.23523-11.078 | B47: 11 | C47: 10 | D47: 110 | E47: 0.00011203034 | F47: 0.0019641647 | G47: 0.00053045512 | H47: 901704.74 | I47: 50527.371 | J47: -4.1575181 | M47: x | O47: =VLOOKUP(A47,fecal_neg_0w!A:G,7,FALSE) -> 0.024062048
A48: 436.87724-0.958 | B48: 11 | C48: 10 | D48: 0 | E48: 0.00011203034 | F48: 0.0019641647 | G48: 0.00053045512 | H48: 110295.39 | I48: 1217259 | J48: 3.4641917 | M48: x | O48: =VLOOKUP(A48,fecal_neg_0w!A:G,7,FALSE) -> 0.024062048
A49: 439.88854-0.953 | B49: 11 | C49: 10 | D49: 0 | E49: 0.00011203034 | F49: 0.0019641647 | G49: 0.00053045512 | H49: 32002.492 | I49: 767015.7 | J49: 4.583 | M49: x | O49: =VLOOKUP(A49,fecal_neg_0w!A:G,7,FALSE) -> 0.030212282
A50: 519.2969-15.295 | B50: 11 | C50: 10 | D50: 0 | E50: 0.00011203034 | F50: 0.0019641647 | G50: 0.00053045512 | H50: 32483.976 | I50: 309364.19 | J50: 3.2515061 | M50: x | O50: =VLOOKUP(A50,fecal_neg_0w!A:G,7,FALSE) -> 0.052994872
A51: 384.18525-12.789 | B51: 11 | C51: 10 | D51: 0 | E51: 0.00011203034 | F51: 0.0019641647 | G51: 0.00053045512 | H51: 35085.253 | I51: 285585.83 | J51: 3.0249877 | M51: x | O51: =VLOOKUP(A51,fecal_neg_0w!A:G,7,FALSE) -> 0.036715204
A52: 370.16955-12.334 | B52: 11 | C52: 10 | D52: 0 | E52: 0.00011203034 | F52: 0.0019641647 | G52: 0.00053045512 | H52: 27402.392 | I52: 336953.47 | J52: 3.6201757 | M52: x | O52: =VLOOKUP(A52,fecal_neg_0w!A:G,7,FALSE) -> 0.064163632
A53: 393.8941-0.968 | B53: 11 | C53: 10 | D53: 0 | E53: 0.00011203034 | F53: 0.0019641647 | G53: 0.00053045512 | H53: 17848.621 | I53: 130731.95 | J53: 2.8727272 | M53: x | O53: =VLOOKUP(A53,fecal_neg_0w!A:G,7,FALSE) -> 0.024062048
A54: 325.90656-0.968 | B54: 11 | C54: 10 | D54: 0 | E54: 0.00011203034 | F54: 0.0019641647 | G54: 0.00053045512 | H54: 22749.82 | I54: 119498.37 | J54: 2.3930639 | M54: x | O54: =VLOOKUP(A54,fecal_neg_0w!A:G,7,FALSE) -> 0.024567543
A55: 454.01791-11.87 | B55: 11 | C55: 10 | D55: 0 | E55: 0.00011203034 | F55: 0.0019641647 | G55: 0.00053045512 | H55: 25408.425 | I55: 112327.54 | J55: 2.1443328 | M55: x | O55: =VLOOKUP(A55,fecal_neg_0w!A:G,7,FALSE) -> 0.026679515
... A63: 271.82631-0.883 | B63: 11 | C63: 10 | D63: 2 | E63: 0.00011812765 | F63: 0.0019641647 | G63: 0.00053045512 | H63: 57089.633 | I63: 287693.96 | J63: 2.3332343 | M63: x | O63: =VLOOKUP(A63,fecal_neg_0w!A:G,7,FALSE) -> 0.026679515
A64: 191.01995-1.447 | B64: 11 | C64: 10 | D64: 14 | E64: 0.0043455475 | F64: 0.0074236437 | G64: 0.0020048776 | H64: 3239000.6 | I64: 14013269 | J64: 2.1131729 | K64: Citric acid | M64: o | O64: =VLOOKUP(A64,fecal_neg_0w!A:G,7,FALSE) -> 0.054062077
A65: 173.00929-1.445 | B65: 11 | C65: 10 | D65: 6 | E65: 0.00063719487 | F65: 0.0023719039 | G65: 0.00064057184 | H65: 278843.13 | I65: 4299723.9 | J65: 3.9467184 | K65: trans-Aconitic acid | M65: o | O65: =VLOOKUP(A65,fecal_neg_0w!A:G,7,FALSE) -> 0.079531142
A66: 328.16227-12.292 | B66: 11 | C66: 10 | D66: 0 | E66: 0.00012165433 | F66: 0.0019641647 | G66: 0.00053045512 | H66: 160866.58 | I66: 16718877 | J66: 6.6994695 | M66: x | O66: =VLOOKUP(A66,fecal_neg_0w!A:G,7,FALSE) -> 0.059745421
A67: 507.24281-12.397 | B67: 11 | C67: 10 | D67: 0 | E67: 0.00012165433 | F67: 0.0019641647 | G67: 0.00053045512 | H67: 107900.04 | I67: 1883386.3 | J67: 4.1255616 | M67: x | O67: =VLOOKUP(A67,fecal_neg_0w!A:G,7,FALSE) -> 0.11530783
A68: 575.2869-12.793 | B68: 11 | C68: 10 | D68: 0 | E68: 0.00012165433 | F68: 0.0019641647 | G68: 0.00053045512 | H68: 33347.377 | I68: 1557954.9 | J68: 5.5459364 | M68: x | O68: =VLOOKUP(A68,fecal_neg_0w!A:G,7,FALSE) -> 0.026679515
A69: 544.84116-0.931 | B69: 11 | C69: 10 | D69: 0 | E69: 0.00012165433 | F69: 0.0019641647 | G69: 0.00053045512 | H69: 17808.859 | I69: 151675.69 | J69: 3.0903229 | M69: x | O69: =VLOOKUP(A69,fecal_neg_0w!A:G,7,FALSE) -> 0.079531142
A70: 608.81634-0.949 | B70: 11 | C70: 10 | D70: 0 | E70: 0.00012165433 | F70: 0.0019641647 | G70: 0.00053045512 | H70: 23765.746 | I70: 98626.388 | J70: 2.05309 | M70: x | O70: =VLOOKUP(A70,fecal_neg_0w!A:G,7,FALSE) -> 0.024062048
A71: 367.90657-1.012 | B71: 11 | C71: 10 | D71: 110 | E71: 0.00012165433 | F71: 0.0019641647 | G71: 0.00053045512 | H71: 104184.73 | I71: 18518.072 | J71: -2.4921381 | M71: x | O71: =VLOOKUP(A71,fecal_neg_0w!A:G,7,FALSE) -> 0.024062048
A72: 188.03553-5.887 | B72: 11 | C72: 10 | D72: 107 | E72: 0.00028726572 | F72: 0.001978762 | G72: 0.00053439738 | H72: 17039325 | I72: 1587592 | J72: -3.4239561 | K72: 4-(2-Aminophenyl)-2,4-dioxobutanoic acid | M72: o | O72: =VLOOKUP(A72,fecal_neg_0w!A:G,7,FALSE) -> 0.024062048
A73: 188.03554-5.585 | B73: 11 | C73: 10 | D73: 105 | E73: 0.00049087864 | F73: 0.0021862469 | G73: 0.0005904321 | H73: 4655237.3 | I73: 544638.4 | J73: -3.0954841 | K73: Kynurenic acid | M73: o | O73: =VLOOKUP(A73,fecal_neg_0w!A:G,7,FALSE) -> 0.026679515
A74: 328.1623-12.269 | B74: 11 | C74: 10 | D74: 0 | E74: 0.00012352584 | F74: 0.0019641647 | G74: 0.00053045512 | H74: 128589.21 | I74: 16519209 | J74: 7.0052312 | M74: x | O74: =VLOOKUP(A74,fecal_neg_0w!A:G,7,FALSE) -> 0.026679515
A75: 475.23434-14.516 | B75: 11 | C75: 10 | D75: 0 | E75: 0.00012352584 | F75: 0.0019641647 | G75: 0.00053045512 | H75: 26665.891 | I75: 913835.97 | J75: 5.0988678 | M75: x | O75: =VLOOKUP(A75,fecal_neg_0w!A:G,7,FALSE) -> 0.024062048
A76: 446.90622-0.967 | B76: 11 | C76: 10 | D76: 0 | E76: 0.00012352584 | F76: 0.0019641647 | G76: 0.00053045512 | H76: 137996.64 | I76: 1952101.9 | J76: 3.8223234 | M76: x | O76: =VLOOKUP(A76,fecal_neg_0w!A:G,7,FALSE) -> 0.024062048
A77: 504.86479-0.961 | B77: 11 | C77: 10 | D77: 0 | E77: 0.00012352584 | F77: 0.0019641647 | G77: 0.00053045512 | H77: 103081.68 | I77: 1070397.5 | J77: 3.3762867 | M77: x | O77: =VLOOKUP(A77,fecal_neg_0w!A:G,7,FALSE) -> 0.024062048
A78: 424.91168-0.947 | B78: 11 | C78: 10 | D78: 0 | E78: 0.00012352584 | F78: 0.0019641647 | G78: 0.00053045512 | H78: 107093.09 | I78: 869735.11 | J78: 3.0217106 | M78: x | O78: =VLOOKUP(A78,fecal_neg_0w!A:G,7,FALSE) -> 0.024062048
A79: 501.3451-12.756 | B79: 11 | C79: 10 | D79: 0 | E79: 0.00012352584 | F79: 0.0019641647 | G79: 0.00053045512 | H79: 53905.682 | I79: 392558.69 | J79: 2.8643991 | M79: x | O79: =VLOOKUP(A79,fecal_neg_0w!A:G,7,FALSE) -> 0.16457554
A80: 625.36016-12.546 | B80: 11 | C80: 10 | D80: 0 | E80: 0.00012352584 | F80: 0.0019641647 | G80: 0.00053045512 | H80: 34470.42 | I80: 453781.73 | J80: 3.7185677 | M80: x | O80: =VLOOKUP(A80,fecal_neg_0w!A:G,7,FALSE) -> 0.064163632
A81: 441.28639-15.162 | B81: 11 | C81: 10 | D81: 0 | E81: 0.00012352584 | F81: 0.0019641647 | G81: 0.00053045512 | H81: 27743.81 | I81: 385416.29 | J81: 3.7961797 | M81: x | O81: =VLOOKUP(A81,fecal_neg_0w!A:G,7,FALSE) -> 0.20660237
A82: 430.27326-12.831 | B82: 11 | C82: 10 | D82: 0 | E82: 0.00012352584 | F82: 0.0019641647 | G82: 0.00053045512 | H82: 34639.949 | I82: 206200.39 | J82: 2.5735384 | M82: x | O82: =VLOOKUP(A82,fecal_neg_0w!A:G,7,FALSE) -> 0.064163632
A83: 414.88282-0.937 | B83: 11 | C83: 10 | D83: 0 | E83: 0.00012352584 | F83: 0.0019641647 | G83: 0.00053045512 | H83: 70029.399 | I83: 497129.5 | J83: 2.8275891 | M83: x | O83: =VLOOKUP(A83,fecal_neg_0w!A:G,7,FALSE) -> 0.026679515
A84: 628.87378-0.955 | B84: 11 | C84: 10 | D84: 0 | E84: 0.00012352584 | F84: 0.0019641647 | G84: 0.00053045512 | H84: 38540.114 | I84: 247284.09 | J84: 2.6817367 | M84: x | O84: =VLOOKUP(A84,fecal_neg_0w!A:G,7,FALSE) -> 0.030212282
A85: 613.23213-14.554 | B85: 11 | C85: 10 | D85: 0 | E85: 0.00012352584 | F85: 0.0019641647 | G85: 0.00053045512 | H85: 29396.893 | I85: 107690.54 | J85: 1.873156 | M85: x | O85: =VLOOKUP(A85,fecal_neg_0w!A:G,7,FALSE) -> 0.079531142
... A87: 284.85664-0.9 | B87: 11 | C87: 10 | D87: 3 | E87: 0.00012406633 | F87: 0.0019641647 | G87: 0.00053045512 | H87: 192708.71 | I87: 2242149.5 | J87: 3.5403888 | M87: x | O87: =VLOOKUP(A87,fecal_neg_0w!A:G,7,FALSE) -> 0.024062048
A88: 255.06643-11.598 | B88: 11 | C88: 10 | D88: 71 | E88: 0.27506299 | F88: 0.30855017 | G88: 0.083329071 | H88: 3710016.1 | I88: 7986652 | J88: 1.1061654 | K88: (−)-pinocembrin | M88: o | O88: =VLOOKUP(A88,fecal_neg_0w!A:G,7,FALSE) -> 0.75420585
A89: 359.06223-5.451 | B89: 11 | C89: 10 | D89: 1 | E89: 0.00012415138 | F89: 0.0019641647 | G89: 0.00053045512 | H89: 73453.078 | I89: 10753875 | J89: 7.193818 | M89: x | O89: =VLOOKUP(A89,fecal_neg_0w!A:G,7,FALSE) -> 0.15624507
A90: 439.24705-13.892 | B90: 11 | C90: 10 | D90: 109 | E90: 0.00012415138 | F90: 0.0019641647 | G90: 0.00053045512 | H90: 2313492.1 | I90: 188995.47 | J90: -3.6136486 | M90: x | O90: =VLOOKUP(A90,fecal_neg_0w!A:G,7,FALSE) -> 0.029352537
A91: 570.3113-9.612 | B91: 11 | C91: 10 | D91: 1 | E91: 0.00012415138 | F91: 0.0019641647 | G91: 0.00053045512 | H91: 90864.708 | I91: 1258580.7 | J91: 3.7919338 | M91: x | O91: =VLOOKUP(A91,fecal_neg_0w!A:G,7,FALSE) -> 0.044612472
A92: 348.83205-0.935 | B92: 11 | C92: 10 | D92: 1 | E92: 0.00012415138 | F92: 0.0019641647 | G92: 0.00053045512 | H92: 28546.68 | I92: 224488.94 | J92: 2.9752495 | M92: x | O92: =VLOOKUP(A92,fecal_neg_0w!A:G,7,FALSE) -> 0.024062048
A93: 225.04064-6.786 | B93: 11 | C93: 10 | D93: 108 | E93: 0.00021821505 | F93: 0.0019641647 | G93: 0.00053045512 | H93: 2146401.1 | I93: 258129.39 | J93: -3.0557534 | K93: (−)-Chorismic acid | M93: o | O93: =VLOOKUP(A93,fecal_neg_0w!A:G,7,FALSE) -> 0.026679515
A94: 492.24311-9.626 | B94: 11 | C94: 10 | D94: 6 | E94: 0.00063460435 | F94: 0.0023719039 | G94: 0.00064057184 | H94: 68209.624 | I94: 7928188.3 | J94: 6.8608721 | K94: (−)-Epothilone A | M94: o | O94: =VLOOKUP(A94,fecal_neg_0w!A:G,7,FALSE) -> 0.054062077
A95: 492.24317-8.208 | B95: 11 | C95: 10 | D95: 20 | E95: 0.014471259 | F95: 0.021524774 | G95: 0.0058131207 | H95: 880897.11 | I95: 11911816 | J95: 3.7572761 | K95: (−)-Epothilone A | M95: o | O95: =VLOOKUP(A95,fecal_neg_0w!A:G,7,FALSE) -> 0.16457554
A96: 506.25876-12.541 | B96: 11 | C96: 10 | D96: 16 | E96: 0.0067062756 | F96: 0.010801894 | G96: 0.0029172299 | H96: 781946.07 | I96: 3140022.3 | J96: 2.0056338 | K96: (−)-Epothilone B | M96: o | O96: =VLOOKUP(A96,fecal_neg_0w!A:G,7,FALSE) -> 0.064163632
A97: 389.21032-8.746 | B97: 11 | C97: 10 | D97: 83 | E97: 0.052807511 | F97: 0.067974698 | G97: 0.01835769 | H97: 1165982.4 | I97: 706477.66 | J97: -0.72283021 | K97: (−)-Prostaglandin E1 | M97: o | O97: =VLOOKUP(A97,fecal_neg_0w!A:G,7,FALSE) -> 0.030212282
A98: 375.13127-6.803 | B98: 11 | C98: 10 | D98: 17 | E98: 0.0082742157 | F98: 0.012992808 | G98: 0.0035089225 | H98: 343254.72 | I98: 645419.38 | J98: 0.91095736 | K98: (−)-Riboflavin | M98: o | O98: =VLOOKUP(A98,fecal_neg_0w!A:G,7,FALSE) -> 0.51914752
A99: 255.06648-9.02 | B99: 11 | C99: 10 | D99: 98 | E99: 0.0027646719 | F99: 0.0050555855 | G99: 0.0013653444 | H99: 1607711.5 | I99: 653941.46 | J99: -1.2977751 | K99: (−)-pinocembrin | M99: o | O99: =VLOOKUP(A99,fecal_neg_0w!A:G,7,FALSE) -> 0.064163632
A100: 413.12451-10.082 | B100: 11 | C100: 10 | D100: 87 | E100: 0.026543708 | F100: 0.036369209 | G100: 0.0098221056 | H100: 572664.7 | I100: 90597.109 | J100: -2.6601538 | K100: (−)-Podophyllotoxin | M100: o | O100: =VLOOKUP(A100,fecal_neg_0w!A:G,7,FALSE) -> 0.5776354
A101: 293.17603-11.873 | B101: 11 | C101: 10 | D101: 8.5 | E101: 0.0006078869 | F101: 0.0023719039 | G101: 0.00064057184 | H101: 79136615 | I101: 1.4020639e+08 | J101: 0.82513482 | K101: (+)-[6]-Gingerol | M101: o | O101: =VLOOKUP(A101,fecal_neg_0w!A:G,7,FALSE) -> 0.024062048
A102: 353.23347-10.722 | B102: 11 | C102: 10 | D102: 105 | E102: 0.00049087864 | F102: 0.0021862469 | G102: 0.0005904321 | H102: 831890.25 | I102: 183299.47 | J102: -2.1821906 | K102: (−)-Prostaglandin E1 | M102: o | O102: =VLOOKUP(A102,fecal_neg_0w!A:G,7,FALSE) -> 0.026679515
A103: 353.2335-9.245 | B103: 11 | C103: 10 | D103: 103 | E103: 0.00082327304 | F103: 0.0025917071 | G103: 0.00069993331 | H103: 675168.51 | I103: 157302.37 | J103: -2.1017072 | K103: (−)-Prostaglandin E1 | M103: o | O103: =VLOOKUP(A103,fecal_neg_0w!A:G,7,FALSE) -> 0.024062048
A104: 353.23352-11.002 | B104: 11 | C104: 10 | D104: 100 | E104: 0.0017267865 | F104: 0.0035879809 | G104: 0.00096899352 | H104: 923610.29 | I104: 290128.54 | J104: -1.670592 | K104: (−)-Prostaglandin E1 | M104: o | O104: =VLOOKUP(A104,fecal_neg_0w!A:G,7,FALSE) -> 0.029352537
... A139: 329.23359-11.347 | B139: 11 | C139: 10 | D139: 106 | E139: 0.00037639672 | F139: 0.002033634 | G139: 0.00054921644 | H139: 5111335.6 | I139: 858443.52 | J139: -2.5739052 | K139: (15Z)-9,12,13-Trihydroxy-15-octadecenoic acid | M139: o | O139: =VLOOKUP(A139,fecal_neg_0w!A:G,7,FALSE) -> 0.026679515
A140: 134.89467-16.9 | B140: 11 | C140: 10 | D140: 110 | E140: 0.00012415446 | F140: 0.0019641647 | G140: 0.00053045512 | H140: 1.0046809e+09 | I140: 5.5936222e+08 | J140: -0.84488261 | M140: x | O140: =VLOOKUP(A140,fecal_neg_0w!A:G,7,FALSE) -> 0.11530783
A141: 467.21134-10.646 | B141: 11 | C141: 10 | D141: 0 | E141: 0.00012415446 | F141: 0.0019641647 | G141: 0.00053045512 | H141: 71624.992 | I141: 21893165 | J141: 8.2558017 | M141: x | O141: =VLOOKUP(A141,fecal_neg_0w!A:G,7,FALSE) -> 0.079531142
A142: 478.29435-14.628 | B142: 11 | C142: 10 | D142: 0 | E142: 0.00012415446 | F142: 0.0019641647 | G142: 0.00053045512 | H142: 32054365 | I142: 81336459 | J142: 1.3433813 | M142: x | O142: =VLOOKUP(A142,fecal_neg_0w!A:G,7,FALSE) -> 0.16457554
...

Sheet serum_neg_2w
A1: FeatureID | B1: Ctrl_n | C1: Vnam_n | D1: U_stat | E1: p-val | F1: q-val_BH | G1: q-val_BKY | H1: Ctrl_mean | I1: Vnam_mean | J1: lfc | K1: Name | L1: ReName | M1: Annotated | N1: Interested
A2: 524.27885-13.668 | B2: 9 | C2: 6 | D2: 26 | E2: 0.95464535 | F2: 0.97979211 | G2: 0.941746 | H2: 11124628 | I2: 11893877 | J2: 0.096462055 | K2: lysophosphatidylethanolamine (22:6(4Z,7Z,10Z,13Z,16Z,19Z)/0:0) | L2: LysoPE(22:6(4Z,7Z,10Z,13Z,16Z,19Z)/0:0) | M2: o | N2: Glycerophospholipid metabolism
A3: 204.06669-8.015 | B3: 9 | C3: 6 | D3: 0 | E3: 0.0003996004 | F3: 0.016014406 | G3: 0.015392554 | H3: 3225939.1 | I3: 5182588.6 | J3: 0.68395368 | K3: Indole-3-lactic acid | M3: o
A4: 204.06668-9.617 | B4: 9 | C4: 6 | D4: 42 | E4: 0.086349392 | F4: 0.34508775 | G4: 0.33168772 | H4: 28322728 | I4: 24184895 | J4: -0.22785394 | K4: Indole-3-lactic acid | L4: ILA | M4: o | N4: Interested
A5: 179.05631-1.086 | B5: 9 | C5: 6 | D5: 39 | E5: 0.18101898 | F5: 0.49851301 | G5: 0.47915535 | H5: 18281942 | I5: 13494548 | J5: -0.43804266 | K5: Acetic acid | L5: Acetate | M5: o | N5: SCFAs
A6: 191.02-1.09 | B6: 9 | C6: 6 | D6: 17 | E6: 0.27212787 | F6: 0.59270915 | G6: 0.56969378 | H6: 5015585.9 | I6: 10929249 | J6: 1.1237041 | K6: Citric acid | M6: o
A7: 191.01998-1.477 | B7: 9 | C7: 6 | D7: 20 | E7: 0.45594406 | F7: 0.73679439 | G7: 0.70818407 | H7: 32756924 | I7: 52281214 | J7: 0.67449274 | K7: Citric acid | L7: Citrate | M7: o | N7: TCA cycle
A8: 160.07693-8.378 | B8: 9 | C8: 6 | D8: 54 | E8: 0.0012576282 | F8: 0.022798266 | G8: 0.021912991 | H8: 922077 | I8: 26814.554 | J8: -5.1037991 | K8: Tryptophol | M8: o | N8: Tryptophan metabolism
A9: 241.08586-10.316 | B9: 9 | C9: 6 | D9: 37.5 | E9: 0.22354287 | F9: 0.56050616 | G9: 0.53874126 | H9: 1232915.5 | I9: 1150308.7 | J9: -0.10005286 | K9: (±)-Equol | M9: o
A10: 356.18673-15.987 | B10: 9 | C10: 6 | D10: 18 | E10: 0.27724292 | F10: 0.60012254 | G10: 0.57681931 | H10: 353370.32 | I10: 554149.07 | J10: 0.64909327 | K10: (±)-Laudanosine | M10: o
A11: 694.48034-1.033 | B11: 9 | C11: 6 | D11: 46 | E11: 0.025574426 | F11: 0.15733506 | G11: 0.15122562 | H11: 499504.66 | I11: 309584.19 | J11: -0.69016633 | K11: (15Z,19R)-25-Amino-22-hydroxy-22-oxido-17,21,23-trioxa-22λ~5~-phosphapentacos-15-en-19-yl (6Z,9Z,12Z,15Z)-6,9,12,15-octadecatetraenoate | M11: o
A12: 684.49695-1.028 | B12: 9 | C12: 6 | D12: 44 | E12: 0.04955045 | F12: 0.25061093 | G12: 0.24087951 | H12: 292669.42 | I12: 223155.09 | J12: -0.39122528 | K12: (15Z,19R)-25-Amino-22-hydroxy-22-oxido-17,21,23-trioxa-22λ~5~-phosphapentacos-15-en-19-yl (9Z,12Z)-9,12-heptadecadienoate | M12: o
A13: 239.16548-12.935 | B13: 9 | C13: 6 | D13: 6 | E13: 0.011988012 | F13: 0.10089111 | G13: 0.096973427 | H13: 143739.39 | I13: 388628.03 | J13: 1.4349345 | K13: (1S,2R,5S)-2-Isopropyl-5-methylcyclohexyl 3-oxobutanoate | M13: o
A14: 588.33129-13.774 | B14: 9 | C14: 6 | D14: 38 | E14: 0.22377622 | F14: 0.56050616 | G14: 0.53874126 | H14: 3456050.9 | I14: 2663074.2 | J14: -0.37603182 | K14: (2R)-1-{[(2-Aminoethoxy)(hydroxy)phosphoryl]oxy}-3-hydroxy-2-propanyl (7Z,10Z,13Z,16Z)-7,10,13,16-docosatetraenoate | M14: o
A15: 566.34692-14.682 | B15: 9 | C15: 6 | D15: 34 | E15: 0.45594406 | F15: 0.73679439 | G15: 0.70818407 | H15: 8402990.1 | I15: 6724708.4 | J15: -0.32143107 | K15: (2R)-3-[(9Z)-9-Heptadecenoyloxy]-2-hydroxypropyl 2-(trimethylammonio)ethyl phosphate | M15: o
A16: 743.45426-1.025 | B16: 9 | C16: 6 | D16: 40 | E16: 0.14465534 | F16: 0.44366596 | G16: 0.42643805 | H16: 132310.87 | I16: 101149.94 | J16: -0.38743612 | K16: (3R,3′S)-3-Hydroxy-4′-oxo-β,β-caroten-3′-yl hexopyranoside | M16: o
A17: 253.14476-11.382 | B17: 9 | C17: 6 | D17: 24 | E17: 0.76090673 | F17: 0.90160977 | G17: 0.86659954 | H17: 870487.02 | I17: 864950.01 | J17: -0.0092060309 | K17: (5Z)-7,10-Dihydroxy-5-tetradecen-8-ynoic acid | M17: o
A18: 363.21793-10.337 | B18: 9 | C18: 6 | D18: 9 | E18: 0.0081249737 | F18: 0.078417178 | G18: 0.075372176 | H18: 34197.05 | I18: 606035.78 | J18: 4.1474592 | K18: (5ξ,9ξ)-17-Hydroxykaur-15-en-19-oic acid | M18: o
A19: 311.223-13.77 | B19: 9 | C19: 6 | D19: 3 | E19: 0.0027972028 | F19: 0.033439288 | G19: 0.032140814 | H19: 307603.66 | I19: 1058736.5 | J19: 1.783199 | K19: (9E,11E)-13-Hydroperoxy-9,11-octadecadienoic acid | M19: o
A20: 514.28496-8.995 | B20: 9 | C20: 6 | D20: 0 | E20: 0.0003996004 | F20: 0.016014406 | G20: 0.015392554 | H20: 1100602.9 | I20: 44990605 | J20: 5.3532578 | M20: x
A21: 514.285-9.764 | B21: 9 | C21: 6 | D21: 0 | E21: 0.0003996004 | F21: 0.016014406 | G21: 0.015392554 | H21: 1884744.4 | I21: 39817525 | J21: 4.4009628 | M21: x
A22: 181.96622-1.06 | B22: 9 | C22: 6 | D22: 0 | E22: 0.0003996004 | F22: 0.016014406 | G22: 0.015392554 | H22: 10746058 | I22: 15844876 | J22: 0.5602088 | M22: x
A23: 357.83916-1.049 | B23: 9 | C23: 6 | D23: 0 | E23: 0.0003996004 | F23: 0.016014406 | G23: 0.015392554 | H23: 2960481.9 | I23: 4508516.5 | J23: 0.60682077 | M23: x
A24: 297.88352-1.048 | B24: 9 | C24: 6 | D24: 0 | E24: 0.0003996004 | F24: 0.016014406 | G24: 0.015392554 | H24: 1735724.3 | I24: 2610509.5 | J24: 0.5887936 | M24: x
A25: 257.96063-1.84 | B25: 9 | C25: 6 | D25: 0 | E25: 0.0003996004 | F25: 0.016014406 | G25: 0.015392554 | H25: 1120431.6 | I25: 1990415.5 | J25: 0.82901509 | M25: x
A26: 239.9248-1.06 | B26: 9 | C26: 6 | D26: 0 | E26: 0.0003996004 | F26: 0.016014406 | G26: 0.015392554 | H26: 1368571.3 | I26: 1893625.9 | J26: 0.46848072 | M26: x
A27: 498.29016-9.706 | B27: 9 | C27: 6 | D27: 0 | E27: 0.0003996004 | F27: 0.016014406 | G27: 0.015392554 | H27: 125653.47 | I27: 1223005.6 | J27: 3.2829085 | M27: x
A28: 219.86667-1.064 | B28: 9 | C28: 6 | D28: 0 | E28: 0.0003996004 | F28: 0.016014406 | G28: 0.015392554 | H28: 562647.71 | I28: 1062460.7 | J28: 0.91710561 | M28: x
A29: 161.99404-1 | B29: 9 | C29: 6 | D29: 0 | E29: 0.0003996004 | F29: 0.016014406 | G29: 0.015392554 | H29: 168989.28 | I29: 380558.2 | J29: 1.1711853 | M29: x
A30: 586.36516-17.207 | B30: 9 | C30: 6 | D30: 54 | E30: 0.0003996004 | F30: 0.016014406 | G30: 0.015392554 | H30: 261178.48 | I30: 72508.655 | J30: -1.8488109 | M30: x
A31: 652.8019-0.969 | B31: 9 | C31: 6 | D31: 54 | E31: 0.0003996004 | F31: 0.016014406 | G31: 0.015392554 | H31: 316872.14 | I31: 253650.18 | J31: -0.32106066 | M31: x
A32: 307.91227-0.995 | B32: 9 | C32: 6 | D32: 0 | E32: 0.0003996004 | F32: 0.016014406 | G32: 0.015392554 | H32: 73991.092 | I32: 141310.66 | J32: 0.93344676 | M32: x
A33: 421.22629-15.213 | B33: 9 | C33: 6 | D33: 16 | E33: 0.20124262 | F33: 0.54988893 | G33: 0.5285363 | H33: 6.1147053e+09 | I33: 6.3416025e+09 | J33: 0.052564476 | K33: 1,4-Bis(2-ethylhexyl) sulfosuccinate | M33: o
A34: 572.24384-9 | B34: 9 | C34: 6 | D34: 0 | E34: 0.00042623894 | F34: 0.016014406 | G34: 0.015392554 | H34: 36020.417 | I34: 2007352.4 | J34: 5.8003353 | M34: x
A35: 554.31653-10.072 | B35: 9 | C35: 6 | D35: 0 | E35: 0.00042623894 | F35: 0.016014406 | G35: 0.015392554 | H35: 32937.761 | I35: 1518197 | J35: 5.5264727 | M35: x
A36: 614.2105-9.759 | B36: 9 | C36: 6 | D36: 0 | E36: 0.00070551052 | F36: 0.018277375 | G36: 0.01756765 | H36: 28465.996 | I36: 376892.22 | J36: 3.7268406 | M36: x
A37: 387.15641-15.391 | B37: 9 | C37: 6 | D37: 18 | E37: 0.30767317 | F37: 0.63717429 | G37: 0.6124323 | H37: 4513465.4 | I37: 5017502.3 | J37: 0.15273382 | K37: 1,5-dimethyl-4-[2-(3-methyl-5-oxo-1-phenyl-4,5-dihydro-1H-pyrazol-4-yliden)hydrazino]-2-phenyl-2,3-dihydro-1H-pyrazol-3-one | M37: o
A38: 504.31039-13.791 | B38: 9 | C38: 6 | D38: 18 | E38: 0.32767233 | F38: 0.63717429 | G38: 0.6124323 | H38: 2591966.4 | I38: 2780793.6 | J38: 0.10144965 | K38: 1-[(9Z,12Z)-heptadecadienoyl]-sn-glycero-3-phosphocholine | M38: o
A39: 564.33139-13.564 | B39: 9 | C39: 6 | D39: 21 | E39: 0.52867133 | F39: 0.7713762 | G39: 0.74142304 | H39: 3972126.3 | I39: 4178128.3 | J39: 0.072945312 | K39: 1-[(9Z,12Z)-heptadecadienoyl]-sn-glycero-3-phosphocholine | M39: o
A40: 319.22806-14.455 | B40: 9 | C40: 6 | D40: 41 | E40: 0.11348651 | F40: 0.39564573 | G40: 0.38028249 | H40: 7733445.7 | I40: 5288637.6 | J40: -0.54821524 | K40: 11,12-Epoxy-(5Z,8Z,11Z)-icosatrienoic acid | M40: o
A41: 377.18667-14.466 | B41: 9 | C41: 6 | D41: 37 | E41: 0.27212787 | F41: 0.59270915 | G41: 0.56969378 | H41: 131344.46 | I41: 98247.491 | J41: -0.41886289 | K41: 1-Azabicyclo[2.2.2]oct-3-yl (1S,4R)-4-hydroxy-1-phenyl-3,4-dihydro-2(1H)-isoquinolinecarboxylate | M41: o
A42: 738.50872-16.703 | B42: 9 | C42: 6 | D42: 26.5 | E42: 1 | F42: 1 | G42: 0.9611692 | H42: 645462.1 | I42: 634178.95 | J42: -0.0254424 | K42: 1-hexadecanoyl-2-(5Z,8Z,11Z,14Z-icosatetraenoyl)-sn-glycero-3-phosphoethanolamine | M42: o
A43: 473.75699-1.044 | B43: 9 | C43: 6 | D43: 1 | E43: 0.0007992008 | F43: 0.018277375 | G43: 0.01756765 | H43: 874813.28 | I43: 1426993.8 | J43: 0.705932 | M43: x
A44: 224.9798-1.445 | B44: 9 | C44: 6 | D44: 1 | E44: 0.0007992008 | F44: 0.018277375 | G44: 0.01756765 | H44: 273921.85 | I44: 807125.25 | J44: 1.5590282 | M44: x
A45: 273.09821-8.226 | B45: 9 | C45: 6 | D45: 1 | E45: 0.0007992008 | F45: 0.018277375 | G45: 0.01756765 | H45: 329204.66 | I45: 894317.42 | J45: 1.4418022 | M45: x
A46: 387.20279-11.493 | B46: 9 | C46: 6 | D46: 1 | E46: 0.0007992008 | F46: 0.018277375 | G46: 0.01756765 | H46: 126802.23 | I46: 529703.85 | J46: 2.0626059 | M46: x
A47: 341.19719-11.657 | B47: 9 | C47: 6 | D47: 1 | E47: 0.0007992008 | F47: 0.018277375 | G47: 0.01756765 | H47: 89716.371 | I47: 446016.88 | J47: 2.3136551 | M47: x
A48: 526.85588-0.966 | B48: 9 | C48: 6 | D48: 53 | E48: 0.0007992008 | F48: 0.018277375 | G48: 0.01756765 | H48: 473414.24 | I48: 363904.64 | J48: -0.37954264 | M48: x
A49: 611.28821-7.953 | B49: 9 | C49: 6 | D49: 1 | E49: 0.0007992008 | F49: 0.018277375 | G49: 0.01756765 | H49: 70382.136 | I49: 242002.03 | J49: 1.7817379 | M49: x
A50: 322.89325-0.972 | B50: 9 | C50: 6 | D50: 53 | E50: 0.0007992008 | F50: 0.018277375 | G50: 0.01756765 | H50: 356613.5 | I50: 265302.08 | J50: -0.42672535 | M50: x
A51: 662.83069-0.965 | B51: 9 | C51: 6 | D51: 53 | E51: 0.0007992008 | F51: 0.018277375 | G51: 0.01756765 | H51: 300764.83 | I51: 223394.31 | J51: -0.42904342 | M51: x
A52: 642.77304-0.976 | B52: 9 | C52: 6 | D52: 53 | E52: 0.0007992008 | F52: 0.018277375 | G52: 0.01756765 | H52: 272390 | I52: 219475.07 | J52: -0.31161665 | M52: x
A53: 785.8045-0.962 | B53: 9 | C53: 6 | D53: 53 | E53: 0.0007992008 | F53: 0.018277375 | G53: 0.01756765 | H53: 98316.566 | I53: 62671.719 | J53: -0.64961997 | M53: x
A54: 595.28964-13.43 | B54: 9 | C54: 6 | D54: 13 | E54: 0.11348651 | F54: 0.39564573 | G54: 0.38028249 | H54: 231855.73 | I54: 403658.6 | J54: 0.79990824 | K54: 1-linoleoyl-sn-glycero-3-phospho-D-myo-inositol | M54: o
A55: 476.27877-13.741 | B55: 9 | C55: 6 | D55: 12 | E55: 0.087912088 | F55: 0.34508775 | G55: 0.33168772 | H55: 16426788 | I55: 23644319 | J55: 0.52544319 | K55: 1-linoleoyl-sn-glycero-3-phosphoethanolamine | M55: o
A56: 321.04414-8.607 | B56: 9 | C56: 6 | D56: 54 | E56: 0.0012576282 | F56: 0.022798266 | G56: 0.021912991 | H56: 3684343 | I56: 39781.387 | J56: -6.53317 | M56: x
A57: 258.98152-8.563 | B57: 9 | C57: 6 | D57: 54 | E57: 0.0012576282 | F57: 0.022798266 | G57: 0.021912991 | H57: 1784919.7 | I57: 38482.578 | J57: -5.5355099 | M57: x
A58: 338.08849-6.953 | B58: 9 | C58: 6 | D58: 54 | E58: 0.0012576282 | F58: 0.022798266 | G58: 0.021912991 | H58: 648816.25 | I58: 33764.816 | J58: -4.2642173 | M58: x
A59: 311.18662-12.75 | B59: 9 | C59: 6 | D59: 17 | E59: 0.26118029 | F59: 0.59270915 | G59: 0.56969378 | H59: 220704.23 | I59: 237492.94 | J59: 0.10577037 | K59: 1-Methyl-N-(9-methyl-9-azabicyclo[3.3.1]non-3-yl)-1H-indazole-3-carboxamide | M59: o
A60: 478.29443-14.638 | B60: 9 | C60: 6 | D60: 17 | E60: 0.27212787 | F60: 0.59270915 | G60: 0.56969378 | H60: 5567061.6 | I60: 6879698 | J60: 0.30542919 | K60: 1-Oleoyl-2-hydroxy-sn-glycero-3-PE | M60: o
A61: 512.26941-9.145 | B61: 9 | C61: 6 | D61: 0 | E61: 0.0014709042 | F61: 0.022798266 | G61: 0.021912991 | H61: 79326.863 | I61: 3738383.4 | J61: 5.5584612 | M61: x
A62: 452.27883-14.045 | B62: 9 | C62: 6 | D62: 22 | E62: 0.60699301 | F62: 0.82821873 | G62: 0.79605834 | H62: 1407494.8 | I62: 1583012.2 | J62: 0.16954275 | K62: 1-Palmitoyl-2-hydroxy-sn-glycero-3-PE | M62: o
A63: 452.27874-14.317 | B63: 9 | C63: 6 | D63: 25 | E63: 0.86393606 | F63: 0.9418246 | G63: 0.9052528 | H63: 7578591.2 | I63: 8096327.1 | J63: 0.095337884 | K63: 1-Palmitoyl-2-hydroxy-sn-glycero-3-PE | M63: o
A64: 480.31014-15.744 | B64: 9 | C64: 6 | D64: 19 | E64: 0.38841159 | F64: 0.67762685 | G64: 0.65131406 | H64: 2751510.4 | I64: 2762396.1 | J64: 0.0056964365 | K64: 1-Stearoyl-2-hydroxy-sn-glycero-3-PE | M64: o
A65: 540.33137-14.09 | B65: 9 | C65: 6 | D65: 21 | E65: 0.52867133 | F65: 0.7713762 | G65: 0.74142304 | H65: 4698287.6 | I65: 4951188.6 | J65: 0.075639867 | K65: 1-Stearoyl-2-hydroxy-sn-glycero-3-PE | M65: o
A66: 303.92119-1.025 | B66: 9 | C66: 6 | D66: 52 | E66: 0.0015984016 | F66: 0.022798266 | G66: 0.021912991 | H66: 4513330.3 | I66: 2250878.7 | J66: -1.0037041 | M66: x
A67: 303.92114-1.025 | B67: 9 | C67: 6 | D67: 52 | E67: 0.0015984016 | F67: 0.022798266 | G67: 0.021912991 | H67: 4513330.3 | I67: 2250878.7 | J67: -1.0037041 | M67: x
A68: 224.97986-1.103 | B68: 9 | C68: 6 | D68: 2 | E68: 0.0015984016 | F68: 0.022798266 | G68: 0.021912991 | H68: 757678.99 | I68: 1785056.2 | J68: 1.2363108 | M68: x
A69: 342.73376-1.047 | B69: 9 | C69: 6 | D69: 52 | E69: 0.0015984016 | F69: 0.022798266 | G69: 0.021912991 | H69: 1305578.4 | I69: 877648.59 | J69: -0.57297384 | M69: x
A70: 272.99169-1.058 | B70: 9 | C70: 6 | D70: 52 | E70: 0.0015984016 | F70: 0.022798266 | G70: 0.021912991 | H70: 916287.99 | I70: 374767.17 | J70: -1.2898065 | M70: x
A71: 531.7155-1.04 | B71: 9 | C71: 6 | D71: 2 | E71: 0.0015984016 | F71: 0.022798266 | G71: 0.021912991 | H71: 570286.36 | I71: 1013736.5 | J71: 0.82992421 | M71: x
A72: 516.82712-0.974 | B72: 9 | C72: 6 | D72: 52 | E72: 0.0015984016 | F72: 0.022798266 | G72: 0.021912991 | H72: 413757.43 | I72: 321831.14 | J72: -0.36248129 | M72: x
A73: 625.32163-7.729 | B73: 9 | C73: 6 | D73: 2 | E73: 0.0015984016 | F73: 0.022798266 | G73: 0.021912991 | H73: 115851.05 | I73: 295467.26 | J73: 1.3507272 | M73: x
A74: 390.88066-0.971 | B74: 9 | C74: 6 | D74: 52 | E74: 0.0015984016 | F74: 0.022798266 | G74: 0.021912991 | H74: 298954.87 | I74: 225525.32 | J74: -0.4066383 | M74: x
A75: 523.23548-7.7 | B75: 9 | C75: 6 | D75: 2 | E75: 0.0015984016 | F75: 0.022798266 | G75: 0.021912991 | H75: 59843.316 | I75: 175572.95 | J75: 1.5528086 | M75: x
A76: 710.76051-0.974 | B76: 9 | C76: 6 | D76: 52 | E76: 0.0015984016 | F76: 0.022798266 | G76: 0.021912991 | H76: 202743.15 | I76: 151924.87 | J76: -0.41629511 | M76: x
A77: 172.09809-7.449 | B77: 9 | C77: 6 | D77: 7 | E77: 0.017582418 | F77: 0.12697561 | G77: 0.12204505 | H77: 2105564.1 | I77: 3435130.3 | J77: 0.70615801 | K77: 2-(Acetylamino)hexanoic acid | M77: o
A78: 572.24381-9.763 | B78: 9 | C78: 6 | D78: 0 | E78: 0.0016253516 | F78: 0.022798266 | G78: 0.021912991 | H78: 58199.185 | I78: 1860574.9 | J78: 4.9986057 | M78: x
A79: 336.07289-6.555 | B79: 9 | C79: 6 | D79: 54 | E79: 0.0016253516 | F79: 0.022798266 | G79: 0.021912991 | H79: 881363.32 | I79: 38529.249 | J79: -4.5157109 | M79: x
A80: 371.20779-11.577 | B80: 9 | C80: 6 | D80: 54 | E80: 0.0016253516 | F80: 0.022798266 | G80: 0.021912991 | H80: 599497.55 | I80: 34279.714 | J80: -4.1283269 | M80: x
A81: 371.2077-11.574 | B81: 9 | C81: 6 | D81: 54 | E81: 0.0016253516 | F81: 0.022798266 | G81: 0.021912991 | H81: 599497.55 | I81: 30598.534 | J81: -4.2922194 | M81: x
A82: 199.00716-8.203 | B82: 9 | C82: 6 | D82: 0 | E82: 0.0017729369 | F82: 0.024222462 | G82: 0.023281885 | H82: 85419.796 | I82: 1185437.9 | J82: 3.7947059 | M82: x
A83: 287.12515-6.913 | B83: 9 | C83: 6 | D83: 0 | E83: 0.0017729369 | F83: 0.024222462 | G83: 0.023281885 | H83: 64663.693 | I83: 463863.62 | J83: 2.8426729 | M83: x
A84: 262.02541-8.378 | B84: 9 | C84: 6 | D84: 53 | E84: 0.0024261684 | F84: 0.032722168 | G84: 0.03145154 | H84: 381364.7 | I84: 42501.956 | J84: -3.1655701 | M84: x
A85: 173.08206-7.65 | B85: 9 | C85: 6 | D85: 23 | E85: 0.67445038 | F85: 0.86690726 | G85: 0.83324455 | H85: 3628585.6 | I85: 3943575.2 | J85: 0.12009685 | K85: 2,4-Dimethyladipic acid | M85: o
A86: 638.25715-13.761 | B86: 9 | C86: 6 | D86: 51 | E86: 0.0027972028 | F86: 0.033439288 | G86: 0.032140814 | H86: 394581.91 | I86: 146636.77 | J86: -1.4280779 | M86: x
A87: 594.84336-0.966 | B87: 9 | C87: 6 | D87: 51 | E87: 0.0027972028 | F87: 0.033439288 | G87: 0.032140814 | H87: 448205.24 | I87: 322839.06 | J87: -0.47334435 | M87: x
A88: 584.81454-0.972 | B88: 9 | C88: 6 | D88: 51 | E88: 0.0027972028 | F88: 0.033439288 | G88: 0.032140814 | H88: 404800.65 | I88: 304272.91 | J88: -0.41184574 | M88: x
A89: 581.29542-7.582 | B89: 9 | C89: 6 | D89: 3 | E89: 0.0027972028 | F89: 0.033439288 | G89: 0.032140814 | H89: 75843.936 | I89: 258764.9 | J89: 1.7705362 | M89: x
A90: 669.34851-7.852 | B90: 9 | C90: 6 | D90: 3 | E90: 0.0027972028 | F90: 0.033439288 | G90: 0.032140814 | H90: 93344.901 | I90: 216559.05 | J90: 1.2141173 | M90: x
A91: 312.8644-0.981 | B91: 9 | C91: 6 | D91: 51 | E91: 0.0027972028 | F91: 0.033439288 | G91: 0.032140814 | H91: 320654.85 | I91: 265985.71 | J91: -0.26967248 | M91: x
A92: 664.50364-1.032 | B92: 9 | C92: 6 | D92: 51 | E92: 0.0027972028 | F92: 0.033439288 | G92: 0.032140814 | H92: 129060.87 | I92: 42513.018 | J92: -1.6020751 | M92: x
A93: 254.90569-0.973 | B93: 9 | C93: 6 | D93: 51 | E93: 0.0027972028 | F93: 0.033439288 | G93: 0.032140814 | H93: 183820.01 | I93: 134015.61 | J93: -0.45589281 | M93: x
A94: 708.7875-0.971 | B94: 9 | C94: 6 | D94: 51 | E94: 0.0027972028 | F94: 0.033439288 | G94: 0.032140814 | H94: 89080.352 | I94: 59721.582 | J94: -0.57685488 | M94: x
A95: 221.15482-14.117 | B95: 9 | C95: 6 | D95: 25 | E95: 0.85842729 | F95: 0.9418246 | G95: 0.9052528 | H95: 364643.39 | I95: 378259.83 | J95: 0.052891332 | K95: 2,6-di-tert-butylhydroquinone | M95: o
A96: 530.27994-8.179 | B96: 9 | C96: 6 | D96: 0 | E96: 0.00042623894 | F96: 0.016014406 | G96: 0.015392554 | H96: 29760.07 | I96: 738810.71 | J96: 4.6337549 | K96: 2-{[(3α,5β,7α,8ξ,12α)-3,7,12-Trihydroxy-24-oxocholan-24-yl]amino}ethyl hydrogen sulfate | M96: o
A97: 710.81736-7.189 | B97: 9 | C97: 6 | D97: 4 | E97: 0.0047952048 | F97: 0.052547453 | G97: 0.050506993 | H97: 339081.41 | I97: 932668.72 | J97: 1.4597331 | M97: x
A98: 448.83965-0.976 | B98: 9 | C98: 6 | D98: 50 | E98: 0.0047952048 | F98: 0.052547453 | G98: 0.050506993 | H98: 345103.48 | I98: 269443 | J98: -0.35704893 | M98: x
A99: 720.78942-0.966 | B99: 9 | C99: 6 | D99: 50 | E99: 0.0047952048 | F99: 0.052547453 | G99: 0.050506993 | H99: 235656.53 | I99: 180218.99 | J99: -0.38693466 | M99: x
A100: 380.85184-0.979 | B100: 9 | C100: 6 | D100: 50 | E100: 0.0047952048 | F100: 0.052547453 | G100: 0.050506993 | H100: 227129.72 | I100: 175445.52 | J100: -0.37249335 | M100: x
...
